name,mean,sd
w_0,-0.8286093,0.6960211
e_0,-3.2143967,1.230262
d_0_1,-2.1945226,1.1298411
b_0_1,-1.0437864,1.1953238
