n_taxa,tree_length,tree_height,brlen_mean,brlen_var,age_mean,age_var,B1,N_bar,colless,treeness,n_char_0,n_char_1,n_char_2,n_state_100,n_state_010,n_state_001,n_state_110,n_state_101,n_state_011,n_state_111
14,52.70206971452251,9.418156400967815,2.027002681327789,3.1134231756514756,9.418156400967815,4.507776601262924e-31,7.783333333333334,4.285714285714286,0.23076923076923075,0.5631949402628568,9,7,7,4,3,1,1,3,2,1
