birth_1,birth_2,death,state_rate,sample_frac
0.671046098461375,0.762384678469971,0.448377616750564,0.0116479472024366,1
