birth_1,birth_2,death,state_rate,sample_frac
0.655447284691036,0.408520789351314,0.342945561694842,0.0822880803607404,0.182360966419603
