birth_1,birth_2,death,state_rate,sample_frac
0.260308288270608,0.759760743938386,0.0051808934309904,0.0802289951127023,0.160479407873777
