birth_1,birth_2,death,state_rate,sample_frac
0.131656526122242,0.1576477533672,0.0509995342685624,0.000393023458309472,0.139895650989481
