birth_1,birth_2,death,state_rate,sample_frac
0.897405155934393,0.35647124517709,0.0431312876123749,0.0834299558075145,0.152979696965761
