birth_1,birth_2,death,state_rate,sample_frac
0.253415059298277,0.607938242843375,0.0426222519266882,0.0586426011985168,0.592446100998045
