birth_1,birth_2,death,state_rate,sample_frac
0.523193130036816,0.345445596380159,0.0265961283102175,0.029324525501579,0.250772159349752
