birth_1,birth_2,death,state_rate,sample_frac
0.499752091243863,0.99977491539903,0.163965238266784,0.020613948116079,0.191399417743234
