birth_1,birth_2,death,state_rate,sample_frac
0.684981528669596,0.232131979661062,0.221237904692091,0.0654114195145667,0.155326515508897
