birth_1,birth_2,death,state_rate,sample_frac
0.244755802908912,0.912380051799119,0.222248130138598,0.070561266085133,0.132628105922956
