birth_1,birth_2,death,state_rate,sample_frac
0.151461974950507,0.816540639149025,0.12187316350857,0.0900322714587674,0.102556273769609
