birth_1,birth_2,death,state_rate,sample_frac
0.284840888110921,0.122983673820272,0.120875016458963,0.00284087194595486,1
