birth_1,birth_2,death,state_rate,sample_frac
0.746806649491191,0.69406276405789,0.280308643314387,0.0763600503327325,0.217619813759985
