birth_1,birth_2,death,state_rate,sample_frac
0.579516344936565,0.0947821161244065,0.0261839541028336,0.0322991587221622,0.167564403339936
