birth_1,birth_2,death,state_rate,sample_frac
0.111933072563261,0.349544216413051,0.0720876717829937,0.0527880124282092,0.160222549574158
