birth_1,birth_2,death,state_rate,sample_frac
0.140477538574487,0.272133976686746,0.0389000130128275,0.0025308899814263,0.149374301142222
