birth_1,birth_2,death,state_rate,sample_frac
0.311505646677688,0.0846126999240369,0.0492240637394173,0.0161154403118417,0.752429143729992
