birth_1,birth_2,death,state_rate,sample_frac
0.36542942840606,0.00180431851185858,0.00075863674023804,0.0953880702378228,0.125629619965505
