birth_1,birth_2,death,state_rate,sample_frac
0.85075796302408,0.779663206776604,0.0332851117255156,0.03366029325407,0.439995029668069
