birth_1,birth_2,death,state_rate,sample_frac
0.792510765371844,0.564286929322407,0.22516879094516,0.0373050438473001,0.209231391509498
