birth_1,birth_2,death,state_rate,sample_frac
0.921416051918641,0.0101835886016488,0.00368607256359117,0.0973334910580888,0.105876964955729
