birth_1,birth_2,death,state_rate,sample_frac
0.486771555384621,0.207321695517749,0.129409358849576,0.00103532553184777,0.238055278547965
