birth_1,birth_2,death,state_rate,sample_frac
0.672285185893998,0.166005895473063,0.083490479185974,0.0987410326255485,0.385173040505015
