birth_1,birth_2,death,state_rate,sample_frac
0.154617023421451,0.427824306068942,0.105838305285591,0.048657006630674,0.150964160476163
