birth_1,birth_2,death,state_rate,sample_frac
0.507951388135552,0.992118379101157,0.482553839874852,0.0121802483452484,0.13183553514403
