birth_1,birth_2,death,state_rate,sample_frac
0.859426050912589,0.180831712437794,0.154258714395448,0.0222521610325202,0.287936824744479
