birth_1,birth_2,death,state_rate,sample_frac
0.0401815897785127,0.399102258728817,0.0147777565793721,0.0533268470084295,0.140089920966628
