birth_1,birth_2,death,state_rate,sample_frac
0.879359236685559,0.872683059656993,0.635679626532914,0.0868673469172791,0.208216568408964
