birth_1,birth_2,death,state_rate,sample_frac
0.341612765565515,0.445906723383814,0.267893511538624,0.00184690349269658,0.300278836065791
