birth_1,birth_2,death,state_rate,sample_frac
0.747123244218528,0.656258036149666,0.253336042177986,0.0520190830342472,0.101953937879801
