birth_1,birth_2,death,state_rate,sample_frac
0.302809684537351,0.369356173090637,0.202558728100747,0.0589232811238617,0.213980196813001
