birth_1,birth_2,death,state_rate,sample_frac
0.580070941941813,0.438746543368325,0.15788204054535,0.0837242105044425,0.104750356904172
