birth_1,birth_2,death,state_rate,sample_frac
0.0913836725521833,0.962064544670284,0.000999127853170229,0.0389634444611147,0.140666403928252
