birth_1,birth_2,death,state_rate,sample_frac
0.500739942071959,0.984226542757824,0.167371687706564,0.0957815739093348,0.114953891679559
