birth_1,birth_2,death,state_rate,sample_frac
0.551155530381948,0.610541658475995,0.0356490052492053,0.0444537404924631,0.232498711064302
