birth_1,birth_2,death,state_rate,sample_frac
0.608868290670216,0.885546530131251,0.0303037880207366,0.00280998437665403,0.140474649818827
