birth_1,birth_2,death,state_rate,sample_frac
0.236213040305302,0.662629207130522,0.0239033103617046,0.0927270466927439,0.101257335060908
