birth_1,birth_2,death,state_rate,sample_frac
0.227332653012127,0.473527633585036,0.0852089813103146,0.0790980657562614,0.172188231280999
