birth_1,birth_2,death,state_rate,sample_frac
0.05758644384332,0.816048031207174,0.0518820082854196,0.0875691054854542,1
