birth_1,birth_2,death,state_rate,sample_frac
0.606687917839736,0.453863776288927,0.439120438606891,0.0467189915012568,0.353678753367102
