birth_1,birth_2,death,state_rate,sample_frac
0.508891123114154,0.224005763651803,0.160050045630257,0.00895875112619251,0.231363961722509
