birth_1,birth_2,death,state_rate,sample_frac
0.196602210169658,0.463138891384006,0.0809124562825999,0.0542945122811943,0.103825301461529
