birth_1,birth_2,death,state_rate,sample_frac
0.767065986292437,0.513161889044568,0.0229403256440218,0.0200004896614701,0.140982152284238
