birth_1,birth_2,death,state_rate,sample_frac
0.153269881149754,0.770570888649672,0.065188776599936,0.0405733744380996,0.131976266800791
