birth_1,birth_2,death,state_rate,sample_frac
0.455219236202538,0.0142213683575392,0.0097725008173715,0.095070833247155,0.214536517168117
