birth_1,birth_2,death,state_rate,sample_frac
0.306857391959056,0.455059342784807,0.0261530828097681,0.0739730257773772,0.10879615846911
