birth_1,birth_2,death,state_rate,sample_frac
0.469150831224397,0.360416009090841,0.165852320336195,0.0612422634381801,0.125376094575164
