birth_1,birth_2,death,state_rate,sample_frac
0.625104246195406,0.0946677143219858,0.0319466056526074,0.0655314213130623,1
