birth_1,birth_2,death,state_rate,sample_frac
0.0797075000591576,0.33461576118134,0.061644154431214,0.0109490422997624,0.233896306332369
