birth_1,birth_2,death,state_rate,sample_frac
0.174540113657713,0.0741459734272212,0.0293560092167389,0.0115339045180008,0.141874269058588
