birth_1,birth_2,death,state_rate,sample_frac
0.503330587176606,0.143908978439867,0.115453407228615,0.00191351573448628,0.724800393313268
