birth_1,birth_2,death,state_rate,sample_frac
0.280704813310876,0.408585592871532,0.155484724669504,0.0704579849727452,1
