birth_1,birth_2,death,state_rate,sample_frac
0.472020891029388,0.432946343207732,0.190489247872569,0.0612766275182366,0.165832124788553
