birth_1,birth_2,death,state_rate,sample_frac
0.676161675248295,0.0806689877063036,0.00394893493677229,0.0894580907654017,1
