birth_1,birth_2,death,state_rate,sample_frac
0.594999395310879,0.612143565900624,0.425760021905874,0.0671042116358876,0.111719502081242
