birth_1,birth_2,death,state_rate,sample_frac
0.0637553639244288,0.621462986338884,0.0549378994045305,0.0752814176026732,0.171245460957278
