birth_1,birth_2,death,state_rate,sample_frac
0.960353210568428,0.243715623859316,0.135703370964978,0.0483915552031249,0.383641683674231
