birth_1,birth_2,death,state_rate,sample_frac
0.325583880767226,0.584988814545795,0.0303075563851487,0.0103213801048696,0.985399554283772
