birth_1,birth_2,death,state_rate,sample_frac
0.902733345748857,0.826901928056031,0.267694079809084,0.0502402906306088,0.130268181535033
