birth_1,birth_2,death,state_rate,sample_frac
0.395216887118295,0.61986113875173,0.0932066954240694,0.0486783754779026,0.106075814180538
