birth_1,birth_2,death,state_rate,sample_frac
0.644529355689883,0.54193387622945,0.0288659580142263,0.033396108285524,0.430523923832537
