birth_1,birth_2,death,state_rate,sample_frac
0.689007386565208,0.835051308851689,0.3392574448955,0.00518947059754282,0.336268723867244
