birth_1,birth_2,death,state_rate,sample_frac
0.39688234962523,0.222722708247602,0.0651129042087991,0.0515284994151443,1
