birth_1,birth_2,death,state_rate,sample_frac
0.812752845464274,0.946525594685227,0.458023779722821,0.0349033978534862,0.679293801370715
