birth_1,birth_2,death,state_rate,sample_frac
0.703481395728886,0.598481138236821,0.238321299057862,0.0705111577175558,0.115446801465272
