birth_1,birth_2,death,state_rate,sample_frac
0.203727191546932,0.368284564698115,0.159376506943488,0.0329789861105382,0.765668379888075
