birth_1,birth_2,death,state_rate,sample_frac
0.685663605108857,0.313157961936668,0.254778952909563,0.0217427052557468,0.96602744320204
