birth_1,birth_2,death,state_rate,sample_frac
0.9914234734606,0.0616251509636641,0.0586709605200394,0.0859281822107732,0.148121989448009
