birth_1,birth_2,death,state_rate,sample_frac
0.00827534915879369,0.4128083800897,0.00256200484229411,0.0416749173076823,0.956334333255716
