birth_1,birth_2,death,state_rate,sample_frac
0.468182174721733,0.730733752483502,0.293209246373445,0.0422777787549421,0.157320286924194
