birth_1,birth_2,death,state_rate,sample_frac
0.91904267994687,0.0426976126618683,0.0201781834047001,0.00555747740436345,0.159850835815065
