birth_1,birth_2,death,state_rate,sample_frac
0.763611365808174,0.364971268922091,0.349498318817929,0.0914179029176012,0.153838067545704
