birth_1,birth_2,death,state_rate,sample_frac
0.325332468142733,0.516898738918826,0.157016794411204,0.0715349656529725,0.149016548515273
