birth_1,birth_2,death,state_rate,sample_frac
0.529163692612201,0.962907031178474,0.518768052260676,0.0278963138349354,0.113925534357412
