birth_1,birth_2,death,state_rate,sample_frac
0.813264756929129,0.656267126090825,0.427554191226301,0.0132569188950583,1
