birth_1,birth_2,death,state_rate,sample_frac
0.221710296114907,0.307615130674094,0.198534616386518,0.0733011574484408,0.151035320634243
