birth_1,birth_2,death,state_rate,sample_frac
0.680567292729393,0.375594158656895,0.12898848334764,0.0523798071080819,0.128062767594972
