birth_1,birth_2,death,state_rate,sample_frac
0.465735932579264,0.151921608718112,0.0471421818069256,0.0337993136141449,0.306735757756948
