birth_1,birth_2,death,state_rate,sample_frac
0.0945573558565229,0.362194481538609,0.0894179581916917,0.00461474529001862,0.288063020718814
