birth_1,birth_2,death,state_rate,sample_frac
0.66993197100237,0.183374358573928,0.0570739103801706,0.028846735926345,0.267369447991037
