birth_1,birth_2,death,state_rate,sample_frac
0.964909146539867,0.787667476106435,0.640555333237734,0.0550924975657836,0.109913649762762
