birth_1,birth_2,death,state_rate,sample_frac
0.999157838756219,0.000923963729292154,0.000568818767641013,0.0140654109884053,0.256515820537152
