birth_1,birth_2,death,state_rate,sample_frac
0.194785081548616,0.357685711001977,0.12792922336273,0.0689553280360997,0.103064836497972
