birth_1,birth_2,death,state_rate,sample_frac
0.661029187962413,0.371032927883789,0.128560136629463,0.0454888687236235,0.100233636454076
