birth_1,birth_2,death,state_rate,sample_frac
0.462185732787475,0.224328465526924,0.165301021929671,0.0970318537438288,0.142909606112457
