birth_1,birth_2,death,state_rate,sample_frac
0.501745756482705,0.419060854241252,0.182664171861619,0.0626490768045187,0.108124259948509
