birth_1,birth_2,death,state_rate,sample_frac
0.780796131351963,0.703532528365031,0.520634940259648,0.0375607825815678,0.74942652243522
