birth_1,birth_2,death,state_rate,sample_frac
0.0704448518808931,0.488879137672484,0.0107616537405267,0.00530984431970865,0.651855949710971
