birth_1,birth_2,death,state_rate,sample_frac
0.150044857757166,0.808607570128515,0.00547897714174454,0.0174905563704669,0.384632840548736
