tree_length,root_age,brlen_mean,age_mean,B1,colless,age_var,brlen_var,treeness,N_bar,n_dat_0,n_dat_1,num_taxa,prop_taxa
1.078216893487e+03,9.942777216660e+00,1.080377648785e+00,2.140829892355e+00,2.676141778973e+02,1.898576269004e-02,3.176223667859e+00,9.033744106762e-01,4.284305527217e-01,1.116600000000e+01,1,499,500,1
