birth_1,birth_2,death,state_rate,sample_frac
0.985119516262785,0.956456259358674,0.138204026733734,0.044817353435792,1
