tree_length,root_age,brlen_mean,age_mean,B1,colless,age_var,brlen_var,treeness,N_bar,n_dat_0,n_dat_1,num_taxa,prop_taxa
2.591247671365e+02,5.341778954290e+00,5.682560682818e-01,1.113083281533e+00,1.249216852592e+02,4.559857794265e-02,1.336681328366e+00,3.220199128896e-01,5.652173048466e-01,1.074235807860e+01,9,220,229,1
