birth_1,birth_2,death,state_rate,sample_frac
0.782873781397939,0.742806878406554,0.509758066481892,0.0776454886188731,0.731120288205881
