birth_1,birth_2,death,state_rate,sample_frac
0.93700767820701,0.0614690950606018,0.0141930356711696,0.074738454236649,0.268210084299947
