birth_1,birth_2,death,state_rate,sample_frac
0.117286637658253,0.924849945120513,0.0566647465646406,0.0487520399037749,0.109181496116175
