birth_1,birth_2,death,state_rate,sample_frac
0.779293925967067,0.341234006453305,0.225448058782697,0.0358619909500703,0.508178617017843
