birth_1,birth_2,death,state_rate,sample_frac
0.35104956291616,0.160441575339064,0.0499487040481643,0.0311704623512924,1
