birth_1,birth_2,death,state_rate,sample_frac
0.783646404277533,0.149957166286185,0.0999231650291095,0.0482239961391315,1
