birth_1,birth_2,death,state_rate,sample_frac
0.190095901023597,0.956034328555688,0.0576742070687661,0.0431902670767158,0.168711054892513
