birth_1,birth_2,death,state_rate,sample_frac
0.981177197769284,0.676212053513154,0.0758210693724684,0.0333079773932695,0.10916853648833
