birth_1,birth_2,death,state_rate,sample_frac
0.989264453528449,0.721956320106983,0.0331698539147584,0.0874757105018944,0.153325640821644
