birth_1,birth_2,death,state_rate,sample_frac
0.283499828306958,0.896536065731198,0.142064552117509,0.000819004513323307,0.242025361660522
