birth_1,birth_2,death,state_rate,sample_frac
0.730619526468217,0.555253290804103,0.216726994000728,0.0414925133343786,0.147433846473539
