birth_1,birth_2,death,state_rate,sample_frac
0.411432828288525,0.995922377798706,0.0510695008424948,0.0961347596719861,0.735890344550396
