birth_1,birth_2,death,state_rate,sample_frac
0.276612757937983,0.398157465504482,0.208211763872511,0.0354149000020698,0.186001192953231
