birth_1,birth_2,death,state_rate,sample_frac
0.534741843584925,0.38150373683311,0.373761712407307,0.0913728973129764,0.122610680651407
