birth_1,birth_2,death,state_rate,sample_frac
0.487651313189417,0.47491706465371,0.135448112303605,0.0786912237061188,0.14164801352847
