birth_1,birth_2,death,state_rate,sample_frac
0.314877023454756,0.593587177339941,0.10246174646541,0.0415315686259419,0.404176348441186
