birth_1,birth_2,death,state_rate,sample_frac
0.996022966690361,0.350846574874595,0.252940411451176,0.0872414916520938,0.123007707903376
