birth_1,birth_2,death,state_rate,sample_frac
0.49380191671662,0.63775401096791,0.176894147912988,0.00772772086784244,0.356364486577736
