birth_1,birth_2,death,state_rate,sample_frac
0.834124049171805,0.983349365415052,0.753284994143067,0.0821946022333577,0.256347228219238
