birth_1,birth_2,death,state_rate,sample_frac
0.890747999306768,0.885957841994241,0.330706975511034,0.0238557090517133,0.228613328049061
