birth_1,birth_2,death,state_rate,sample_frac
0.232613365165889,0.764838638016954,0.0832253984622595,0.00923513690941036,0.102965144119173
