birth_1,birth_2,death,state_rate,sample_frac
0.865556781413034,0.912348083453253,0.353306882349851,0.0530123518081382,0.134314261413318
