birth_1,birth_2,death,state_rate,sample_frac
0.241455048788339,0.834960370790213,0.0525756010470523,0.0400554986903444,0.440981934530829
