birth_1,birth_2,death,state_rate,sample_frac
0.785639746813104,0.884513152996078,0.632303799735982,0.0548622240312397,0.391822989619483
