birth_1,birth_2,death,state_rate,sample_frac
0.305588765069842,0.0878373589366674,0.0801553263751384,0.0256153283873573,1
