birth_1,birth_2,death,state_rate,sample_frac
0.747296363580972,0.858825641218573,0.299297319106154,0.0601852899882942,0.130912026887691
