birth_1,birth_2,death,state_rate,sample_frac
0.566702745622024,0.0924106517340988,0.0439364729942993,0.0644894326804206,0.13054122988394
