birth_1,birth_2,death,state_rate,sample_frac
0.822555441409349,0.325051613850519,0.30258557125512,0.0103664981899783,0.102178403965838
