birth_1,birth_2,death,state_rate,sample_frac
0.0519566654693335,0.806836717529222,0.0397242688786853,0.0379114773357287,0.683207692441492
