birth_1,birth_2,death,state_rate,sample_frac
0.62241421523504,0.803038417361677,0.112745619390164,0.0560680191032588,0.109876599025739
