birth_1,birth_2,death,state_rate,sample_frac
0.617803001310676,0.315500153461471,0.246679579120665,0.0444549957057461,0.10654942950334
