birth_1,birth_2,death,state_rate,sample_frac
0.17523423070088,0.835944488178939,0.151377917551116,0.098058417532593,1
