birth_1,birth_2,death,state_rate,sample_frac
0.505111195379868,0.525650270748883,0.226165861168324,0.0455103524029255,0.143450052700937
