tree_length,root_age,brlen_mean,age_mean,B1,colless,age_var,brlen_var,treeness,N_bar,n_dat_0,n_dat_1,num_taxa,prop_taxa
1.912698419329e+02,1.111237168880e+01,2.034785552478e+00,3.833137664908e+00,2.511230158730e+01,1.267345050879e-01,6.742813506481e+00,2.355715897387e+00,3.942761031192e-01,6.937500000000e+00,41,7,48,1
