birth_1,birth_2,death,state_rate,sample_frac
0.141279202885926,0.991942090913653,0.0966571797093843,0.0811182605335489,0.272041910950675
