birth_1,birth_2,death,state_rate,sample_frac
0.161840196698904,0.354074472561479,0.0201774523114715,0.00508695419412106,1
