birth_1,birth_2,death,state_rate,sample_frac
0.173949705669656,0.698487701127306,0.0551361819383612,0.0164897022768855,0.120525073570151
