birth_1,birth_2,death,state_rate,sample_frac
0.994173182640225,0.561603613197803,0.185146107702099,0.0570389983477071,0.219311590961008
