birth_1,birth_2,death,state_rate,sample_frac
0.538632453884929,0.441668781917542,0.271093380087688,0.0778083705576137,0.208121250825951
