tree_length,root_age,brlen_mean,age_mean,B1,colless,age_var,brlen_var,treeness,N_bar,n_dat_0,n_dat_1,num_taxa,prop_taxa
1.771045536338e+03,1.475444843958e+01,1.774594725789e+00,3.519621418634e+00,2.598903271421e+02,2.251893344923e-02,4.702119953132e+00,2.274913002052e+00,3.047502764055e-01,1.196800000000e+01,473,27,500,1
