birth_1,birth_2,death,state_rate,sample_frac
0.727505979128182,0.551274779485539,0.475152628191603,0.0924507933203131,0.487430969235001
