birth_1,birth_2,death,state_rate,sample_frac
0.655921174678952,0.496591006405652,0.365352545828938,0.0566571356263012,1
