birth_1,birth_2,death,state_rate,sample_frac
0.753989076474681,0.920281900092959,0.0255643213942555,0.0212600635597482,0.672935703273343
