birth_1,birth_2,death,state_rate,sample_frac
0.691039887722582,0.667331497650594,0.560087145369633,0.0589578298153356,0.187019044264445
