birth_1,birth_2,death,state_rate,sample_frac
0.0326191391795874,0.488290064269677,0.0154774469550208,0.0230377725558355,0.125105513454888
