birth_1,birth_2,death,state_rate,sample_frac
0.0430665593594313,0.86488192807883,0.0220774622386577,0.0108130282256752,0.16182146243815
