birth_1,birth_2,death,state_rate,sample_frac
0.807354338699952,0.859654602129012,0.130970516413224,0.0269666030537337,0.254284869528676
