birth_1,birth_2,death,state_rate,sample_frac
0.42310216720216,0.213563248282298,0.134364853321098,0.0635800554649904,0.186240824059376
