birth_1,birth_2,death,state_rate,sample_frac
0.542081634048373,0.344193664612249,0.202637399249006,0.0575167471775785,1
