birth_1,birth_2,death,state_rate,sample_frac
0.887427345151082,0.993061929242685,0.0394584757003192,0.0477030440233648,0.241325692846907
