birth_1,birth_2,death,state_rate,sample_frac
0.831226378679276,0.97076041996479,0.793783335872896,0.0375369560904801,0.451846542229033
