birth_1,birth_2,death,state_rate,sample_frac
0.765965902945027,0.440009131329134,0.344651967001671,0.00187067897059023,1
