birth_1,birth_2,death,state_rate,sample_frac
0.198627531295642,0.311942222993821,0.100581338649485,0.0782941672252491,0.110546685692715
