birth_1,birth_2,death,state_rate,sample_frac
0.874805027619004,0.824656834360212,0.327169292159352,0.0330809907289222,0.199033084960272
