birth_1,birth_2,death,state_rate,sample_frac
0.894732595654204,0.561934457393363,0.0152187189731819,0.0310130181489512,0.852279780720705
