tree_length,root_age,brlen_mean,age_mean,B1,colless,age_var,brlen_var,treeness,N_bar,n_dat_0,n_dat_1,num_taxa,prop_taxa
1.767367620053e+03,1.084310623858e+01,1.770909438931e+00,3.520089206020e+00,2.660548636005e+02,2.070003460737e-02,4.778634564293e+00,2.274722410661e+00,3.381883460522e-01,1.157200000000e+01,30,470,500,1
