birth_1,birth_2,death,state_rate,sample_frac
0.342957209097221,0.0543983576353639,0.00400821581708531,0.0385953448479995,0.232903433385405
