birth_1,birth_2,death,state_rate,sample_frac
0.0641922464128584,0.83004023716785,0.0208776421960021,0.0189958444563672,1
