birth_1,birth_2,death,state_rate,sample_frac
0.426098888041452,0.627102280501276,0.152397930852373,0.0991758306277916,0.137384701163107
