birth_1,birth_2,death,state_rate,sample_frac
0.105152662610635,0.665380966383964,0.0446833700565899,0.00227431217208505,0.491429135447227
