birth_1,birth_2,death,state_rate,sample_frac
0.955135574797168,0.948370436439291,0.725366201557927,0.0357598797883838,0.10191680585894
