birth_1,birth_2,death,state_rate,sample_frac
0.191437276313081,0.219144272385165,0.0471150267643635,0.0832486769650131,0.104313832866752
