birth_1,birth_2,death,state_rate,sample_frac
0.695518439169973,0.841864092973992,0.467362737565335,0.046415225835517,0.123119474501056
