birth_1,birth_2,death,state_rate,sample_frac
0.769723725272343,0.869002408348024,0.465614054646064,0.03169125164859,0.128159988114744
