birth_1,birth_2,death,state_rate,sample_frac
0.222116829594597,0.520090845180675,0.143548065529148,0.0843218301888555,0.120043977411659
