birth_1,birth_2,death,state_rate,sample_frac
0.0175243359990418,0.742191855795681,0.00613437796910196,0.0121328433509916,0.246793463448659
