birth_1,birth_2,death,state_rate,sample_frac
0.702591671375558,0.712536602979526,0.478212837937152,0.0868921018205583,0.138159778064346
