birth_1,birth_2,death,state_rate,sample_frac
0.376990503631532,0.0417415422853082,0.00106580623689462,0.0994972219690681,0.485935769969199
