tree_length,root_age,brlen_mean,age_mean,B1,colless,age_var,brlen_var,treeness,N_bar,n_dat_0,n_dat_1,num_taxa,prop_taxa
1.427797855981e+03,1.044346491590e+01,1.430659174329e+00,2.840389561230e+00,2.617389184345e+02,2.074027573219e-02,3.551395871638e+00,1.365614999876e+00,3.571818331990e-01,1.168600000000e+01,360,140,500,1
