birth_1,birth_2,death,state_rate,sample_frac
0.210721052251756,0.461323948344216,0.000919401202738876,0.028832138190046,0.396386122442643
