birth_1,birth_2,death,state_rate,sample_frac
0.635811473475769,0.552268937695771,0.217641419829672,0.0424880782607943,0.129883310823979
