birth_1,birth_2,death,state_rate,sample_frac
0.594951973762363,0.750828660558909,0.43664885421741,0.0395517751807347,0.178133498998338
