birth_1,birth_2,death,state_rate,sample_frac
0.0292134403716773,0.427549160085618,0.000212451400936752,0.0401165370130911,0.101683679483459
