birth_1,birth_2,death,state_rate,sample_frac
0.412346981465816,0.939516281476244,0.0438247782646988,0.046491108648479,1
