birth_1,birth_2,death,state_rate,sample_frac
0.856923206942156,0.0447724780533463,0.0436186643699454,0.00668338909745216,0.239473045524049
