birth_1,birth_2,death,state_rate,sample_frac
0.552546738879755,0.983067143009976,0.282613217808949,0.0957188642118126,0.391350123468908
