birth_1,birth_2,death,state_rate,sample_frac
0.833667443832383,0.0722697237506509,0.0510196035334992,0.0170480805449188,0.636389033833789
