birth_1,birth_2,death,state_rate,sample_frac
0.614714677678421,0.754381601000205,0.484158899627345,0.0429442472290248,0.689276610064569
