birth_1,birth_2,death,state_rate,sample_frac
0.817709397058934,0.244946070946753,0.0444699170579611,0.0117418649839237,1
