birth_1,birth_2,death,state_rate,sample_frac
0.251256070565432,0.609949942678213,0.0426464184251881,0.0881498797331005,0.495140563951668
