birth_1,birth_2,death,state_rate,sample_frac
0.226690849056467,0.376561196520925,0.0385384069876407,0.0813985859276727,0.959192150795273
