birth_1,birth_2,death,state_rate,sample_frac
0.0664713366422802,0.954450161196291,0.0138709517911119,0.0348377538612112,0.444275998010461
