birth_1,birth_2,death,state_rate,sample_frac
0.217754364013672,0.586429136572406,0.200077368693401,0.0798145628999919,0.243847666619435
