tree_length,root_age,brlen_mean,age_mean,B1,colless,age_var,brlen_var,treeness,N_bar,n_dat_0,n_dat_1,num_taxa,prop_taxa
4.821395904332e+03,4.007033173260e+01,4.831058020373e+00,9.581814774723e+00,2.673390956266e+02,1.791534876983e-02,4.733730241123e+01,1.648662551927e+01,3.992613520283e-01,1.108800000000e+01,165,335,500,1
