birth_1,birth_2,death,state_rate,sample_frac
0.625614856835455,0.169991751434281,0.0530141881665121,0.00103981080465019,0.335134625561321
