birth_1,birth_2,death,state_rate,sample_frac
0.352950144559145,0.704175527440384,0.201391685833333,0.0990339277079329,0.108425080776026
