birth_1,birth_2,death,state_rate,sample_frac
0.232027065008879,0.938625928945839,0.218112506656929,0.0936657895799726,0.122247516559792
