birth_1,birth_2,death,state_rate,sample_frac
0.203200212446973,0.852814516751096,0.0924164907394389,0.012546132854186,0.139603234192229
