birth_1,birth_2,death,state_rate,sample_frac
0.989333163248375,0.0898462552577257,0.0734663870709905,0.00433664051815867,1
