birth_1,birth_2,death,state_rate,sample_frac
0.751448136288673,0.49581849295646,0.336668218757841,0.0342161415377632,0.50194488415602
