birth_1,birth_2,death,state_rate,sample_frac
0.833647452760488,0.650308194337413,0.105397340087747,0.00139839423354715,0.486283894135662
