birth_1,birth_2,death,state_rate,sample_frac
0.431403709342703,0.610137650975958,0.192408812256238,0.024665659177117,0.497431355086933
