birth_1,birth_2,death,state_rate,sample_frac
0.165709596825764,0.841221659677103,0.0223825344993802,0.0787676988868043,0.890963128366714
