tree_length,root_age,brlen_mean,age_mean,B1,colless,age_var,brlen_var,treeness,N_bar,n_dat_0,n_dat_1,num_taxa,prop_taxa
8.199496187660e+02,7.293641957500e+01,1.782499171230e+01,3.247883474683e+01,1.350952380952e+01,1.699604743083e-01,4.231642623445e+02,2.001922830868e+02,4.009021797287e-01,5.208333333333e+00,9,15,24,1
