birth_1,birth_2,death,state_rate,sample_frac
0.0254131325054914,0.988810688955709,0.0229702934530924,0.0614192189648747,1
