birth_1,birth_2,death,state_rate,sample_frac
0.123455523280427,0.0424304527696222,0.0330284967462467,0.0715020359726623,0.105904882856217
