birth_1,birth_2,death,state_rate,sample_frac
0.108779569389299,0.550143341999501,0.0865695180991368,0.0530186960706487,0.125537841219869
