tree_length,root_age,brlen_mean,age_mean,B1,colless,age_var,brlen_var,treeness,N_bar,n_dat_0,n_dat_1,num_taxa,prop_taxa
2.006960242544e+03,1.381165333830e+01,2.010982206958e+00,3.994285749935e+00,2.679214413639e+02,2.350886511980e-02,8.410748146717e+00,3.277984086132e+00,3.718562570722e-01,1.216600000000e+01,407,93,500,1
