birth_1,birth_2,death,state_rate,sample_frac
0.553591754287481,0.803149282932281,0.163155892068047,0.0191528443712741,0.136531884266508
