birth_1,birth_2,death,state_rate,sample_frac
0.129268479999155,0.864211440552026,0.11170983984268,0.0635682485764846,1
