birth_1,birth_2,death,state_rate,sample_frac
0.614646815694869,0.112747709499672,0.104035790537259,0.0507701843511313,0.436631661179375
