birth_1,birth_2,death,state_rate,sample_frac
0.879847342846915,0.222984742140397,0.166799881793609,0.0197260931134224,0.221397573305509
