birth_1,birth_2,death,state_rate,sample_frac
0.252401097677648,0.834965702844784,0.139473907373206,0.00114551822189242,0.332932039788652
