birth_1,birth_2,death,state_rate,sample_frac
0.619070299668238,0.0660626166500151,0.0336739901337698,0.0635426472174004,0.114221579575784
