birth_1,birth_2,death,state_rate,sample_frac
0.11593607836403,0.195009117480367,0.0534698187337424,0.0690117288148031,0.146152921953625
