birth_1,birth_2,death,state_rate,sample_frac
0.0176697485148907,0.851042729103938,0.0122628989348944,0.0810760178137571,0.168283193154467
