birth_1,birth_2,death,state_rate,sample_frac
0.688849927159026,0.82608852442354,0.133936584472986,0.0948180142324418,0.120202468015613
