birth_1,birth_2,death,state_rate,sample_frac
0.806971797021106,0.0863962569274008,0.0788333665866243,0.0830318948253989,0.134221143658322
