birth_1,birth_2,death,state_rate,sample_frac
0.244866967434064,0.830470292130485,0.0213230592450361,0.0375440632225946,0.829515275106613
