birth_1,birth_2,death,state_rate,sample_frac
0.943495046813041,0.477380514144897,0.231114302670138,0.0525236510206014,1
