birth_1,birth_2,death,state_rate,sample_frac
0.832322739763185,0.202384552452713,0.101006661413696,0.000427750730887055,0.106731627000347
