tree_length,root_age,brlen_mean,age_mean,B1,colless,age_var,brlen_var,treeness,N_bar,n_dat_0,n_dat_1,num_taxa,prop_taxa
1.131791493288e+03,1.167949312417e+01,1.134059612513e+00,2.244713427149e+00,2.673264184345e+02,2.486901513871e-02,2.861520022735e+00,1.044797486606e+00,3.888587811305e-01,1.274800000000e+01,489,11,500,1
