birth_1,birth_2,death,state_rate,sample_frac
0.633733520051464,0.692255459725857,0.150256462188588,0.0905816896818578,0.367397735642046
