birth_1,birth_2,death,state_rate,sample_frac
0.8460026467219,0.62360052508302,0.542835743505355,0.0763099346775562,1
