birth_1,birth_2,death,state_rate,sample_frac
0.366304497001693,0.305515899090096,0.118795267399794,0.0293332254048437,0.298501993104204
