birth_1,birth_2,death,state_rate,sample_frac
0.700782614061609,0.919289643643424,0.644330209004909,0.0270922557683662,1
