birth_1,birth_2,death,state_rate,sample_frac
0.27238814975135,0.583173863356933,0.246037336774163,0.0297925187740475,0.105226385624212
