birth_1,birth_2,death,state_rate,sample_frac
0.755097354762256,0.684415752766654,0.251625084295778,0.0212999017443508,0.137238851815594
