birth_1,birth_2,death,state_rate,sample_frac
0.780776020139456,0.749855175614357,0.666208718316184,0.0186875325394794,0.156210739098577
