birth_1,birth_2,death,state_rate,sample_frac
0.934828681172803,0.818666593637317,0.0654690029619478,0.0887328261509538,0.129222120965431
