birth_1,birth_2,death,state_rate,sample_frac
0.753004867583513,0.10229104058817,0.0578425152008395,0.0719118338311091,0.156808701658989
