birth_1,birth_2,death,state_rate,sample_frac
0.658781547332183,0.375202241353691,0.266472307542242,0.0242865781066939,0.123617734768174
