birth_1,birth_2,death,state_rate,sample_frac
0.684691488044336,0.924387858482078,0.0896876954381196,0.0192820410011336,0.320390914408873
