birth_1,birth_2,death,state_rate,sample_frac
0.262842387892306,0.264075628947467,0.165375089081778,0.0378547222120687,1
