birth_1,birth_2,death,state_rate,sample_frac
0.834475747076795,0.0604526321403682,0.0399475178705586,0.0258490127976984,0.238745608277578
