birth_1,birth_2,death,state_rate,sample_frac
0.613027578685433,0.539794177515432,0.13149009772097,0.0444567166734487,0.661678230417117
