birth_1,birth_2,death,state_rate,sample_frac
0.376180611550808,0.916793443262577,0.322459057775936,0.0299290865892544,1
