birth_1,birth_2,death,state_rate,sample_frac
0.702265763655305,0.526510789757594,0.446281821140223,0.0255758135113865,0.126515285224423
