birth_1,birth_2,death,state_rate,sample_frac
0.404017819091678,0.766758936457336,0.304219920280358,0.0781265781726688,0.129345246920591
