birth_1,birth_2,death,state_rate,sample_frac
0.566555090015754,0.37332900473848,0.349112017730479,0.0958051142282784,0.1143311754531
