birth_1,birth_2,death,state_rate,sample_frac
0.751961240312085,0.846162491478026,0.511052188518184,0.0086242213845253,1
