birth_1,birth_2,death,state_rate,sample_frac
0.364197072573006,0.214585240231827,0.104472594808,0.0887896330561489,0.176488877551632
