birth_1,birth_2,death,state_rate,sample_frac
0.943060345482081,0.617317915894091,0.539896345620963,0.0832403858657926,0.356326314432104
