birth_1,birth_2,death,state_rate,sample_frac
0.55180719261989,0.128340526949614,0.115989702745908,0.0147122732596472,0.128111306609717
