birth_1,birth_2,death,state_rate,sample_frac
0.952955472748727,0.298272209474817,0.256566956430834,0.0746409928426146,0.129252677330233
