birth_1,birth_2,death,state_rate,sample_frac
0.474225739948452,0.781757105607539,0.265358944742933,0.0610717546194792,0.573273283420214
