birth_1,birth_2,death,state_rate,sample_frac
0.530185339041054,0.0788399060256779,0.0539650160096436,0.0718729048967361,0.167769279592307
