birth_1,birth_2,death,state_rate,sample_frac
0.656332636717707,0.967399389250204,0.276120025455388,0.0508585422765464,0.192776061710151
