birth_1,birth_2,death,state_rate,sample_frac
0.402947764378041,0.512223616009578,0.149022538616951,0.0840472111711279,0.168749658355523
