birth_1,birth_2,death,state_rate,sample_frac
0.982342705596238,0.408282882999629,0.238242851472418,0.0717137034749612,0.248390614240424
