birth_1,birth_2,death,state_rate,sample_frac
0.835361277218908,0.304631486767903,0.176213043909536,0.0255790132796392,1
