birth_1,birth_2,death,state_rate,sample_frac
0.327797357458621,0.541643969714642,0.268898068911566,0.0495550096267834,0.168656208955119
