birth_1,birth_2,death,state_rate,sample_frac
0.707555008353665,0.356607897905633,0.306428658559781,0.0805901719257236,0.259041997041619
