birth_1,birth_2,death,state_rate,sample_frac
0.498659657780081,0.257059725467116,0.169206492560704,0.00616591016296297,0.186917280640293
