birth_1,birth_2,death,state_rate,sample_frac
0.765386004932225,0.488994985353202,0.184961649744845,0.0420469713164493,0.219324923068433
