birth_1,birth_2,death,state_rate,sample_frac
0.895219277823344,0.664627758786082,0.44781225535662,0.0289423250360414,0.269652708556925
