birth_1,birth_2,death,state_rate,sample_frac
0.781622034264728,0.114756245864555,0.018105656427895,0.0579725196352229,0.483401283999274
