birth_1,birth_2,death,state_rate,sample_frac
0.582712747855112,0.536729990271851,0.0558163921912546,0.0702657761052251,0.268714677446863
