birth_1,birth_2,death,state_rate,sample_frac
0.344208420952782,0.265586560592055,0.00390183904356049,0.0969703119713813,0.423139297857889
