birth_1,birth_2,death,state_rate,sample_frac
0.389789195265621,0.525234075728804,0.271901658527187,0.0433138296939433,0.119641576102287
