birth_1,birth_2,death,state_rate,sample_frac
0.0545837187673897,0.854208642151207,0.0457676892230307,0.0475381057010964,0.10683845176783
