birth_1,birth_2,death,state_rate,sample_frac
0.826204260578379,0.993535764282569,0.511438953797203,0.00997537125367671,0.125616855439694
