birth_1,birth_2,death,state_rate,sample_frac
0.14207997941412,0.841756785521284,0.136685630765203,0.0578187000704929,0.464978884646301
