birth_1,birth_2,death,state_rate,sample_frac
0.705435341689736,0.76794096454978,0.0996496501490305,0.0747106821741909,1
