birth_1,birth_2,death,state_rate,sample_frac
0.301539078587666,0.582922454690561,0.235551837597383,0.0100362641504034,0.484663826635398
