birth_1,birth_2,death,state_rate,sample_frac
0.502195053501055,0.43246727110818,0.0622938400142933,0.0557905308669433,0.178605130316774
