birth_1,birth_2,death,state_rate,sample_frac
0.166176579194143,0.733205247204751,0.110142105097516,0.00386284298729152,0.407453935254903
