birth_1,birth_2,death,state_rate,sample_frac
0.0795905971899629,0.547332449350506,0.0258758568894278,0.0720235523302108,0.250145261939309
