birth_1,birth_2,death,state_rate,sample_frac
0.638940616510808,0.299534888239577,0.00779611080733526,0.0779037828557193,0.110727474643225
