birth_1,birth_2,death,state_rate,sample_frac
0.10683604888618,0.315793888410553,0.00676698838325789,0.0382565409177914,0.115095849008726
