tree_length,root_age,brlen_mean,age_mean,B1,colless,age_var,brlen_var,treeness,N_bar,n_dat_0,n_dat_1,num_taxa,prop_taxa
1.670940782875e+03,2.719315622491e+01,1.674289361598e+00,3.294083420140e+00,2.693271269365e+02,2.692131250453e-02,8.766769836370e+00,2.647278346711e+00,4.240801393151e-01,1.331400000000e+01,470,30,500,1
