tree_length,root_age,brlen_mean,age_mean,B1,colless,age_var,brlen_var,treeness,N_bar,n_dat_0,n_dat_1,num_taxa,prop_taxa
1.407257505494e+03,1.839168202698e+01,1.410077660816e+00,2.783298243379e+00,2.653441543536e+02,2.131169970463e-02,6.814677146667e+00,1.994093480744e+00,4.609402009549e-01,1.164400000000e+01,40,460,500,1
