birth_1,birth_2,death,state_rate,sample_frac
0.676660452736542,0.0242492477409542,0.00693723012330189,0.0233856924576685,0.107855869365246
