birth_1,birth_2,death,state_rate,sample_frac
0.639769272413105,0.919364752015099,0.326490482843162,0.0120400918880478,0.314459117627897
