birth_1,birth_2,death,state_rate,sample_frac
0.799098622519523,0.556564482627437,0.491541768420902,0.0699621458305046,1
