birth_1,birth_2,death,state_rate,sample_frac
0.690842143725604,0.112703644437715,0.0999776365171955,0.0431232431670651,0.171275083928575
