birth_1,birth_2,death,state_rate,sample_frac
0.19329254492186,0.648206806043163,0.105113514479283,0.0318462903611362,0.444586314841204
