birth_1,birth_2,death,state_rate,sample_frac
0.0124728546943516,0.587937533156946,0.000870340412190339,0.00562509542796761,1
