birth_1,birth_2,death,state_rate,sample_frac
0.645744096487761,0.560897334944457,0.243383618884741,0.0224939383333549,0.274657797505897
