birth_1,birth_2,death,state_rate,sample_frac
0.606703618075699,0.830114440526813,0.549433076557613,0.0767830566503108,0.102762231198271
