birth_1,birth_2,death,state_rate,sample_frac
0.7725498478394,0.984363628085703,0.312144440975742,0.0363108370220289,0.10988760334504
