birth_1,birth_2,death,state_rate,sample_frac
0.936970716109499,0.869830213719979,0.186171329920718,0.0196017646929249,0.141802346595716
