birth_1,birth_2,death,state_rate,sample_frac
0.0348432175815105,0.743549237959087,0.000397816562408971,0.0874778198078275,0.110940236643149
