birth_1,birth_2,death,state_rate,sample_frac
0.256868937984109,0.165561847388744,0.0997808299521288,0.0771945444867015,0.101597940029187
