birth_1,birth_2,death,state_rate,sample_frac
0.073148311348632,0.408302336465567,0.0125062026146843,0.0561101805884391,0.249044634933514
