birth_1,birth_2,death,state_rate,sample_frac
0.275942910462618,0.701126304687932,0.273576771549571,0.00881562088616192,0.275529241410212
