birth_1,birth_2,death,state_rate,sample_frac
0.653780216583982,0.542056969599798,0.120218956547076,0.0763638492673636,0.131931691814263
