birth_1,birth_2,death,state_rate,sample_frac
0.417046119458973,0.662096880143508,0.158186464848413,0.058588690427132,0.101014518948632
