birth_1,birth_2,death,state_rate,sample_frac
0.318370092427358,0.98701181076467,0.278242873265897,0.0871315510943532,0.712918865065119
