birth_1,birth_2,death,state_rate,sample_frac
0.949916806537658,0.61200182675384,0.518813767315686,0.0823733969591558,0.141485581535858
