birth_1,birth_2,death,state_rate,sample_frac
0.307098974240944,0.48607939388603,0.224517451951161,0.0213593674357981,0.13320798603991
