birth_1,birth_2,death,state_rate,sample_frac
0.103389520663768,0.046710312133655,0.012783705635915,0.0735119446413592,0.119754520769792
