birth_1,birth_2,death,state_rate,sample_frac
0.593107234686613,0.360662692692131,0.169960035616333,0.0125158214010298,0.168942360724497
