birth_1,birth_2,death,state_rate,sample_frac
0.660546351922676,0.297314727678895,0.281610370667778,0.0623646436724812,0.24419415640861
