birth_1,birth_2,death,state_rate,sample_frac
0.0791093537118286,0.562883826903999,0.00682537616504866,0.0768425642279908,0.101604938794902
