birth_1,birth_2,death,state_rate,sample_frac
0.739814651897177,0.880011330358684,0.720297518580857,0.0634909686865285,0.415816615666276
