birth_1,birth_2,death,state_rate,sample_frac
0.559139319462702,0.146224066615105,0.118902325021497,0.0156922285445035,0.212177484573626
