birth_1,birth_2,death,state_rate,sample_frac
0.629783597309142,0.210403761593625,0.0995519650605911,0.0983785631600767,0.204725218009126
