birth_1,birth_2,death,state_rate,sample_frac
0.797412769403309,0.894037572434172,0.304899624449823,0.087398322019726,0.532488798165831
