birth_1,birth_2,death,state_rate,sample_frac
0.833729377714917,0.577089792583138,0.420103188116696,0.095195055170916,0.106411038048376
