tree_length,root_age,brlen_mean,age_mean,B1,colless,age_var,brlen_var,treeness,N_bar,n_dat_0,n_dat_1,num_taxa,prop_taxa
1.096642352912e+02,5.088543544407e+00,6.160912095010e-01,1.175007772436e+00,4.742225829726e+01,9.065372829418e-02,1.338754829796e+00,4.041536143229e-01,5.308984280560e-01,8.455555555556e+00,90,1,90,1
