birth_1,birth_2,death,state_rate,sample_frac
0.25303217722103,0.871443985495716,0.157965088987122,0.0186624177498743,0.220275508404421
