birth_1,birth_2,death,state_rate,sample_frac
0.38006625440903,0.860509220510721,0.294991285798779,0.0862346034497023,0.112061280781389
