birth_1,birth_2,death,state_rate,sample_frac
0.256062980042771,0.4011715517845,0.0345592168393435,0.0527967810863629,0.245463031451221
