birth_1,birth_2,death,state_rate,sample_frac
0.499705293914303,0.723297665128484,0.258758242971817,0.0597040355205536,0.10647935531968
