birth_1,birth_2,death,state_rate,sample_frac
0.733296394348145,0.250636560143903,0.15589267941851,0.0652533838991076,0.146428884176671
