birth_1,birth_2,death,state_rate,sample_frac
0.604318619240075,0.932786179706454,0.504517548937425,0.0101728835143149,1
