birth_1,birth_2,death,state_rate,sample_frac
0.419787545921281,0.842154451180249,0.287560388566569,0.0516305105993524,0.311195126638081
