birth_1,birth_2,death,state_rate,sample_frac
0.74889392638579,0.934013579506427,0.0185773020118672,0.0980305263074115,0.134245038439517
