birth_1,birth_2,death,state_rate,sample_frac
0.826627394882962,0.0788705141749233,0.0716380120561901,0.0214987626299262,0.161368778402249
