birth_1,birth_2,death,state_rate,sample_frac
0.892411213368177,0.250334689859301,0.017072611031791,0.0508952548261732,0.478518301313545
