birth_1,birth_2,death,state_rate,sample_frac
0.0191614495124668,0.405176784144714,0.00175567231535328,0.0968464718898758,1
