birth_1,birth_2,death,state_rate,sample_frac
0.177460656268522,0.0505159476306289,0.0266220946227725,0.0177559041185305,0.348365076849164
