birth_1,birth_2,death,state_rate,sample_frac
0.222621091641486,0.160964117385447,0.103249319905585,0.0461728831520304,0.142602549297642
