birth_1,birth_2,death,state_rate,sample_frac
0.44836821896024,0.753843433223665,0.298029194737125,0.0382844655076042,0.129530266208528
