birth_1,birth_2,death,state_rate,sample_frac
0.725378492148593,0.741834055399522,0.094390025354802,0.0917562817921862,0.162517090346512
