birth_1,birth_2,death,state_rate,sample_frac
0.413239211309701,0.518489454407245,0.0735023966906682,0.0656492805341259,0.156968998279461
