birth_1,birth_2,death,state_rate,sample_frac
0.0837198479566723,0.191824617097154,0.0797985461247549,0.0285692756762728,0.106506922326989
