birth_1,birth_2,death,state_rate,sample_frac
0.710840350249782,0.885670020245016,0.430753788852589,0.0464007780654356,1
