birth_1,birth_2,death,state_rate,sample_frac
0.137173533206806,0.256381618091837,0.0122319513124324,0.0407269772375003,0.165091335949555
