birth_1,birth_2,death,state_rate,sample_frac
0.100707358913496,0.386328330961987,0.0792023377078565,0.0615167036885396,0.412825320003112
