birth_1,birth_2,death,state_rate,sample_frac
0.186892981408164,0.420690421247855,0.0489585584764674,0.0463579385541379,0.580853910463988
