birth_1,birth_2,death,state_rate,sample_frac
0.760266231140122,0.443179617868736,0.104144704274321,0.0436316440580413,0.126713424711222
