birth_1,birth_2,death,state_rate,sample_frac
0.959177104756236,0.524176460457966,0.402122162868387,0.0928388256346807,0.531073457168381
