birth_1,birth_2,death,state_rate,sample_frac
0.897385046817362,0.124392084078863,0.122540597841077,0.0148800636641681,0.239643684696971
