birth_1,birth_2,death,state_rate,sample_frac
0.397726405644789,0.553225250216201,0.316491720748284,0.0320552517194301,1
