birth_1,birth_2,death,state_rate,sample_frac
0.31939298287034,0.693036510841921,0.124718371218834,0.0317886183038354,0.428626190349184
