birth_1,birth_2,death,state_rate,sample_frac
0.848981190240011,0.605503253405914,0.507204642939858,0.0649477632483468,0.611891674238906
