birth_1,birth_2,death,state_rate,sample_frac
0.926515494007617,0.324671576032415,0.224950250437764,0.0377773535205051,0.346626162224673
