birth_1,birth_2,death,state_rate,sample_frac
0.578448261134326,0.996361253084615,0.330511110525827,0.0864684123080224,0.308343068647154
