birth_1,birth_2,death,state_rate,sample_frac
0.540340701583773,0.0880015320144594,0.0370160817534223,0.0783695237711072,0.174676850396269
