birth_1,birth_2,death,state_rate,sample_frac
0.0229220364708453,0.334765449631959,0.0199890887856067,0.0202479413710535,0.584068607554018
