birth_1,birth_2,death,state_rate,sample_frac
0.412457094993442,0.0508430246263742,0.0324659202249296,0.0846360509982333,0.277337635149973
