birth_1,birth_2,death,state_rate,sample_frac
0.767468119505793,0.653086413629353,0.412677351450968,0.0777946034446359,0.175641543058375
