birth_1,birth_2,death,state_rate,sample_frac
0.200401940383017,0.29521207883954,0.0169385205393853,0.0935812978306785,0.174031784087145
