birth_1,birth_2,death,state_rate,sample_frac
0.270880262833089,0.45348321297206,0.148844204364855,0.0249871433246881,0.20812550448285
