birth_1,birth_2,death,state_rate,sample_frac
0.492141993017867,0.847998135490343,0.32822731005142,0.0879938954021782,0.117670444027999
