birth_1,birth_2,death,state_rate,sample_frac
0.217647420475259,0.181314256275073,0.0455090353531441,0.0339860185980797,0.326413882631541
