tree_length,root_age,brlen_mean,age_mean,B1,colless,age_var,brlen_var,treeness,N_bar,n_dat_0,n_dat_1,num_taxa,prop_taxa
1.493413737273e+03,1.313608093735e+01,1.496406550373e+00,2.966488289196e+00,2.646475112306e+02,2.105415650578e-02,3.175544516726e+00,1.448908638529e+00,3.278447983955e-01,1.209200000000e+01,34,466,500,1
