birth_1,birth_2,death,state_rate,sample_frac
0.473125397926196,0.511792096775025,0.226779987863375,0.0541344856843352,0.190388618108138
