birth_1,birth_2,death,state_rate,sample_frac
0.518796956632286,0.176077276468277,0.124228762868934,0.0505411011632532,0.123335839300535
