birth_1,birth_2,death,state_rate,sample_frac
0.791731379693374,0.293866947526112,0.179247053011443,0.0948249785229564,0.107733843062945
