birth_1,birth_2,death,state_rate,sample_frac
0.148648902075365,0.297137085581198,0.0333357115429957,0.0250404351158068,0.103620617639805
