birth_1,birth_2,death,state_rate,sample_frac
0.838140363106504,0.388477343833074,0.0455472128092971,0.0956475880928338,0.374358701651594
