birth_1,birth_2,death,state_rate,sample_frac
0.79441954777576,0.820429435931146,0.253750428614298,0.0279689917806536,0.224707002730261
