birth_1,birth_2,death,state_rate,sample_frac
0.992508777184412,0.534993584500626,0.517132322961254,0.0684264743700624,0.170781817412186
