birth_1,birth_2,death,state_rate,sample_frac
0.32245485088788,0.7014379510656,0.0563625986737388,0.000575776118785143,0.209142204279748
