birth_1,birth_2,death,state_rate,sample_frac
0.315864672651514,0.0373613850679249,0.0150896738465279,0.0483788446523249,0.277178704614911
