birth_1,birth_2,death,state_rate,sample_frac
0.782513428013772,0.753812342882156,0.12157771346485,0.0710058971075341,0.828179437583538
