birth_1,birth_2,death,state_rate,sample_frac
0.341563484165817,0.808974616928026,0.310828159751395,0.0915432408219203,0.13764040869199
