birth_1,birth_2,death,state_rate,sample_frac
0.27800748241134,0.539228602312505,0.154480580261336,0.0956247598165646,0.542431248222425
