birth_1,birth_2,death,state_rate,sample_frac
0.380093919346109,0.807483389042318,0.37176063583108,0.0264352067606524,0.164729513194273
