birth_1,birth_2,death,state_rate,sample_frac
0.572853363351896,0.908207789994776,0.115534172522112,0.037212389963679,0.111494676865532
