birth_1,birth_2,death,state_rate,sample_frac
0.0720443977043033,0.990712095517665,0.029194257459811,0.0835430011386052,0.516333977364759
