birth_1,birth_2,death,state_rate,sample_frac
0.635317323030904,0.94808754674159,0.0829341216103942,0.0349992192350328,0.470491452253297
