birth_1,birth_2,death,state_rate,sample_frac
0.425334574189037,0.670399989234284,0.056058264264462,0.0460478882305324,1
