birth_1,birth_2,death,state_rate,sample_frac
0.975825196364895,0.798373761354014,0.454609601534946,0.0652102874126285,0.906303215162749
