birth_1,birth_2,death,state_rate,sample_frac
0.791549294022843,0.560242076171562,0.0415840656029247,0.00349639947526157,0.182243010462143
