birth_1,birth_2,death,state_rate,sample_frac
0.68789483467117,0.247625556541607,0.169049702840597,0.0358645177446306,0.133678561948049
