birth_1,birth_2,death,state_rate,sample_frac
0.0426833755336702,0.609738055849448,0.0113995741164085,0.0170632838271558,0.851376297508747
