birth_1,birth_2,death,state_rate,sample_frac
0.575520233483985,0.106137549038976,0.0469073031853604,0.0806601053802297,1
