birth_1,birth_2,death,state_rate,sample_frac
0.724526830716059,0.414782561128959,0.224332057232234,0.00501041396055371,0.11288074768091
