birth_1,birth_2,death,state_rate,sample_frac
0.165418705204502,0.562257420271635,0.121157758609466,0.0799838261445984,1
