birth_1,birth_2,death,state_rate,sample_frac
0.454985784832388,0.0238342136144638,0.00921444629589828,0.0453279561595991,0.366820525188313
