birth_1,birth_2,death,state_rate,sample_frac
0.823244446655735,0.898588947020471,0.681676041523302,0.00899368480313569,0.200360383461595
