birth_1,birth_2,death,state_rate,sample_frac
0.0101396555546671,0.805992654524744,0.00720738085839548,0.0687330548651516,0.657823837896196
