birth_1,birth_2,death,state_rate,sample_frac
0.564635467017069,0.595535258296877,0.0941866487840328,0.00116298934444785,1
