birth_1,birth_2,death,state_rate,sample_frac
0.921389055904001,0.169157757656649,0.107556417260629,0.0450499081751332,0.112501523410896
