birth_1,birth_2,death,state_rate,sample_frac
0.752858586609364,0.869857381097972,0.259108740703692,0.0894974050344899,0.216053432076485
