birth_1,birth_2,death,state_rate,sample_frac
0.369889320572838,0.772985513089225,0.141646032247059,0.0915468623163179,0.180525814368358
