birth_1,birth_2,death,state_rate,sample_frac
0.802808260312304,0.512672889046371,0.0374041516904727,0.0597207705723122,0.312698636327829
