birth_1,birth_2,death,state_rate,sample_frac
0.284815276740119,0.101811132160947,0.046203931949557,0.0587830490898341,0.146901662313858
