birth_1,birth_2,death,state_rate,sample_frac
0.24214651552029,0.68423659587279,0.0588639784604425,0.055276310024783,0.118640941709762
