birth_1,birth_2,death,state_rate,sample_frac
0.286323670996353,0.795591919217259,0.236157080058537,0.0452067204751074,1
