birth_1,birth_2,death,state_rate,sample_frac
0.955744482344016,0.484151071636006,0.307064276504922,0.0652176824398339,0.156518690990623
