birth_1,birth_2,death,state_rate,sample_frac
0.885580155998468,0.90867108781822,0.0580614866530017,0.0439867277629674,0.135279131514125
