birth_1,birth_2,death,state_rate,sample_frac
0.807652937248349,0.191672513494268,0.066342778449937,0.0369046282721683,0.14352505102063
