birth_1,birth_2,death,state_rate,sample_frac
0.44172010361217,0.292549909790978,0.109938921132838,0.0433092531515285,0.365242922157621
