birth_1,birth_2,death,state_rate,sample_frac
0.607392309699208,0.418754005338997,0.365637223600343,0.0766174149699509,0.308507982102521
