birth_1,birth_2,death,state_rate,sample_frac
0.227592048700899,0.37958270823583,0.0257705892544588,0.0663061231374741,0.143749641623269
