birth_1,birth_2,death,state_rate,sample_frac
0.695869572227821,0.282615600386634,0.0269936917538146,0.0691429197788238,0.130734820658167
