birth_1,birth_2,death,state_rate,sample_frac
0.0673182401806116,0.60924518131651,0.0462964832064949,0.0910040559014306,0.115868047398685
