birth_1,birth_2,death,state_rate,sample_frac
0.288123565958813,0.550179522717372,0.0543861887607877,0.0937404010910541,0.216789833517256
