birth_1,birth_2,death,state_rate,sample_frac
0.615087574347854,0.0512076674494892,0.0428953168185359,0.0142519903834909,0.149785148643562
