birth_1,birth_2,death,state_rate,sample_frac
0.701701277168468,0.729371718131006,0.552638957804606,0.0331338578369468,0.169028397536254
