birth_1,birth_2,death,state_rate,sample_frac
0.962790767196566,0.697529057506472,0.482575200281122,0.0712947976309806,0.146684587146361
