birth_1,birth_2,death,state_rate,sample_frac
0.923772294307128,0.704262781422585,0.453047127609531,0.0856870233081281,0.132551571937162
