birth_1,birth_2,death,state_rate,sample_frac
0.0555432040710002,0.148466326994821,7.75652849043928e-06,0.0205028916709125,0.535144117473205
