birth_1,birth_2,death,state_rate,sample_frac
0.216937044635415,0.971746099414304,0.0217209183951474,0.0227919918950647,0.369725172049519
