birth_1,birth_2,death,state_rate,sample_frac
0.93601695401594,0.678659673314542,0.530209874957054,0.0796924225520343,0.168417840925106
