birth_1,birth_2,death,state_rate,sample_frac
0.346323763020337,0.180769040714949,0.0452947395806093,0.0386177163338289,0.661174567895907
