birth_1,birth_2,death,state_rate,sample_frac
0.0133981264661998,0.458167886128649,0.0114078227752723,0.0199127064784989,0.218900286635648
