birth_1,birth_2,death,state_rate,sample_frac
0.925837757065892,0.104670620057732,0.0616093321310828,0.00362988982815295,0.331417798184742
