birth_1,birth_2,death,state_rate,sample_frac
0.460999229224399,0.746875203913078,0.397802036049045,0.0782702350756154,0.171332653166687
