birth_1,birth_2,death,state_rate,sample_frac
0.70810374757275,0.574701914330944,0.253210728288343,0.0630162305431441,0.36284403804089
