birth_1,birth_2,death,state_rate,sample_frac
0.259090238250792,0.661178158130497,0.201058314551042,0.0509680261369795,0.158817775024026
