birth_1,birth_2,death,state_rate,sample_frac
0.838160388404503,0.941059457371011,0.0806844365168312,0.065617097960785,1
