birth_1,birth_2,death,state_rate,sample_frac
0.978262528544292,0.549774158746004,0.0787091145568577,0.064609747659415,0.197706804975442
