birth_1,birth_2,death,state_rate,sample_frac
0.222210834734142,0.784771261038259,0.183210807738679,0.023837579623796,0.114587954240739
