birth_1,birth_2,death,state_rate,sample_frac
0.915550410281867,0.496512524550781,0.482160203769663,0.0788972828071565,0.608279941074888
