tree_length,root_age,brlen_mean,age_mean,B1,colless,age_var,brlen_var,treeness,N_bar,n_dat_0,n_dat_1,num_taxa,prop_taxa
6.512601623877e+01,5.610209968816e+00,1.017594003731e+00,1.859868946064e+00,1.766785714286e+01,1.411290322581e-01,1.624213355012e+00,5.005943707604e-01,4.162833782965e-01,5.878787878788e+00,1,32,33,1
