birth_1,birth_2,death,state_rate,sample_frac
0.0605269656516612,0.705453975824639,0.0596561933752436,0.0506023698253557,0.159561312680542
