birth_1,birth_2,death,state_rate,sample_frac
0.673899862449616,0.0543373329564929,0.0382585631466239,0.0133735063951463,0.235372903325612
