birth_1,birth_2,death,state_rate,sample_frac
0.448344097007066,0.93588696164079,0.0616148308274954,0.00603884689044207,0.383918932214672
