birth_1,birth_2,death,state_rate,sample_frac
0.486838794546202,0.0491298479028046,0.0463244994263399,0.055266527691856,0.152215067716755
