birth_1,birth_2,death,state_rate,sample_frac
0.141515623312443,0.377402152866125,0.116669902137973,0.0787081085145473,0.172900810215306
