birth_1,birth_2,death,state_rate,sample_frac
0.235657958779484,0.707763382932171,0.234492036896666,0.0924318324774504,0.145760607375879
