tree_length,root_age,brlen_mean,age_mean,B1,colless,age_var,brlen_var,treeness,N_bar,n_dat_0,n_dat_1,num_taxa,prop_taxa
3.794457925121e+03,4.567726537440e+01,3.802062049219e+00,7.512586492523e+00,2.679030667862e+02,1.697370644904e-02,4.677066748072e+01,1.301801977854e+01,4.438111512886e-01,1.081000000000e+01,331,169,500,1
