birth_1,birth_2,death,state_rate,sample_frac
0.669946898939088,0.536260509397835,0.135839032438504,0.0127448320388794,0.198376630414371
