birth_1,birth_2,death,state_rate,sample_frac
0.655739706940949,0.435866382904351,0.3502117133247,0.038992505799979,0.459092125337455
