birth_1,birth_2,death,state_rate,sample_frac
0.714756833156571,0.888607437023893,0.118380320676003,0.0215608678758144,0.117148180710736
