birth_1,birth_2,death,state_rate,sample_frac
0.0853120700921863,0.516621137503535,0.0311344280654293,0.0738433542894199,0.107997307860992
