birth_1,birth_2,death,state_rate,sample_frac
0.509264666587114,0.626093181315809,0.0623071991240096,0.0386333702597767,0.192683131234835
