birth_1,birth_2,death,state_rate,sample_frac
0.838842901634052,0.00553393363952637,0.000221570720173869,0.00962854151148349,0.104059981068091
