birth_1,birth_2,death,state_rate,sample_frac
0.552434640005231,0.546579453162849,0.455760425117403,0.0543055171845481,0.396751912796948
