birth_1,birth_2,death,state_rate,sample_frac
0.777229150524363,0.335335667710751,0.106309229856568,0.040054159774445,0.10790639445536
