birth_1,birth_2,death,state_rate,sample_frac
0.743536584777758,0.271127701504156,0.0883457008668375,0.0603581616887823,0.222190973619867
