birth_1,birth_2,death,state_rate,sample_frac
0.164650167804211,0.835502625443041,0.0224239039716777,0.0741093933815137,0.115973089545874
