birth_1,birth_2,death,state_rate,sample_frac
0.277059897081926,0.429933716310188,0.105108574137542,0.0855767962522805,0.145868117627257
