birth_1,birth_2,death,state_rate,sample_frac
0.519010635558516,0.507804447319359,0.379989397480601,0.0403006210923195,1
