n_taxa,tree_length,tree_height,brlen_mean,brlen_var,age_mean,age_var,B1,N_bar,colless,treeness,n_char_0,n_char_1,n_char_2,n_state_100,n_state_010,n_state_001,n_state_110,n_state_101,n_state_011,n_state_111
64,173.7800677624947,8.894474527797493,1.3792068870039267,1.7787360424136163,8.894474527797493,0.0,35.40634920634921,7.203125,0.08858166922683051,0.5227525073610422,51,4,13,48,3,11,1,2,0,0
