{"loss": [1.1685951948165894, 0.8054442405700684, 0.7181981205940247, 0.6447449326515198, 0.5711137056350708, 0.4892151653766632, 0.42306169867515564, 0.3681013584136963, 0.3285016715526581, 0.31795796751976013, 0.3175785541534424, 0.27878254652023315, 0.2805975079536438, 0.2487630993127823, 0.24121087789535522, 0.22798220813274384, 0.21545815467834473, 0.22114628553390503, 0.2273891121149063, 0.20366926491260529], "param_value_loss": [0.8648905754089355, 0.67894446849823, 0.6118848919868469, 0.5472390651702881, 0.4799092710018158, 0.40177974104881287, 0.34148523211479187, 0.2927613854408264, 0.2589529752731323, 0.2507619559764862, 0.2517088055610657, 0.21609897911548615, 0.22477546334266663, 0.19555389881134033, 0.19044651091098785, 0.17959612607955933, 0.16817258298397064, 0.17310713231563568, 0.18094882369041443, 0.15912695229053497], "param_lower_loss": [0.16368010640144348, 0.08304576575756073, 0.06942609697580338, 0.06327744573354721, 0.059805698692798615, 0.05863464996218681, 0.05568994581699371, 0.051835037767887115, 0.04783240333199501, 0.04610027000308037, 0.04495706036686897, 0.04349171370267868, 0.03722936660051346, 0.03471546247601509, 0.033574413508176804, 0.03204004839062691, 0.030950505286455154, 0.0317777581512928, 0.028617538511753082, 0.027242448180913925], "param_upper_loss": [0.14002464711666107, 0.043453946709632874, 0.03688722103834152, 0.034228432923555374, 0.031398706138134, 0.02880077250301838, 0.025886503979563713, 0.02350488118827343, 0.021716313436627388, 0.021095704287290573, 0.02091272547841072, 0.019191857427358627, 0.018592631444334984, 0.018493719398975372, 0.017189940437674522, 0.016346026211977005, 0.01633508875966072, 0.016261423006653786, 0.017822744324803352, 0.017299862578511238], "param_value_mae": [0.6740562915802002, 0.5811895132064819, 0.5452007055282593, 0.5071613192558289, 0.47028788924217224, 0.4178842604160309, 0.3774573504924774, 0.3410072326660156, 0.31415173411369324, 0.31499460339546204, 0.31723469495773315, 0.2824597954750061, 0.30045396089553833, 0.26879093050956726, 0.26844555139541626, 0.25650864839553833, 0.24779480695724487, 0.25311484932899475, 0.26395681500434875, 0.24400699138641357], "param_value_acc": [0.4713114798069, 0.5305100083351135, 0.5532786846160889, 0.5910747051239014, 0.6416211128234863, 0.7135701179504395, 0.7622950673103333, 0.7795992493629456, 0.8028233051300049, 0.806010901927948, 0.7969034314155579, 0.8246812224388123, 0.8287795782089233, 0.8346994519233704, 0.8369763493537903, 0.8383424282073975, 0.8415300250053406, 0.8497267961502075, 0.8346994519233704, 0.8501821756362915], "param_lower_mae": [2.5039937496185303, 2.374147415161133, 1.988677978515625, 1.9455715417861938, 1.782146692276001, 1.7037506103515625, 1.6911277770996094, 1.5317769050598145, 1.3761627674102783, 1.301556944847107, 1.3706508874893188, 1.313581109046936, 1.0830614566802979, 1.0252602100372314, 0.9569405317306519, 0.9326360821723938, 0.9198499917984009, 0.9866129755973816, 0.8534365296363831, 0.8270580768585205], "param_lower_acc": [0.2923497259616852, 0.4162113070487976, 0.4312386214733124, 0.4134790599346161, 0.4280509948730469, 0.44990891218185425, 0.4612932503223419, 0.47085610032081604, 0.48041895031929016, 0.5141165852546692, 0.5450819730758667, 0.5646630525588989, 0.6457194685935974, 0.68123859167099, 0.6948997974395752, 0.7172130942344666, 0.7076502442359924, 0.7071949243545532, 0.7595628499984741, 0.7386156916618347], "param_upper_mae": [1.65744948387146, 1.5527188777923584, 1.3287564516067505, 1.2467337846755981, 1.1566247940063477, 1.0579490661621094, 0.9377711415290833, 0.8483214378356934, 0.7898042798042297, 0.746734082698822, 0.7484961152076721, 0.6926190853118896, 0.663673460483551, 0.6778882145881653, 0.6222894191741943, 0.5811631679534912, 0.5826199650764465, 0.5928075909614563, 0.6253502368927002, 0.6268810629844666], "param_upper_acc": [0.25546449422836304, 0.2468123883008957, 0.2677595615386963, 0.27914389967918396, 0.3674863278865814, 0.5218579173088074, 0.5915300250053406, 0.6466302275657654, 0.6853369474411011, 0.7035518884658813, 0.7085610032081604, 0.7126593589782715, 0.7463570237159729, 0.7131147384643555, 0.7627504467964172, 0.7777777910232544, 0.7818761467933655, 0.7691256999969482, 0.7727686762809753, 0.7431694269180298], "val_loss": [0.9859508872032166, 0.8959469199180603, 0.8292093276977539, 0.7410805225372314, 0.635267436504364, 0.5279771685600281, 0.4817597270011902, 0.4455203413963318, 0.42338326573371887, 0.4619538187980652, 0.4065617024898529, 0.46604156494140625, 0.3889417350292206, 0.3460804522037506, 0.3710870146751404, 0.35225263237953186, 0.3502501845359802, 0.37367960810661316, 0.3218595087528229, 0.34472838044166565], "val_param_value_loss": [0.83501797914505, 0.7729071974754333, 0.7170392274856567, 0.6328578591346741, 0.5293257832527161, 0.432219535112381, 0.3907657563686371, 0.36013320088386536, 0.3404023349285126, 0.3872165381908417, 0.3309341371059418, 0.39059823751449585, 0.32444649934768677, 0.2839735448360443, 0.3106095492839813, 0.2931362986564636, 0.2903974950313568, 0.3087545931339264, 0.26607176661491394, 0.2872852087020874], "val_param_lower_loss": [0.09354978054761887, 0.08073516935110092, 0.07296605408191681, 0.07238839566707611, 0.07404880970716476, 0.06763041764497757, 0.06631471961736679, 0.06216438487172127, 0.05570288375020027, 0.054657790809869766, 0.054692935198545456, 0.05519630387425423, 0.04580065235495567, 0.0436287485063076, 0.042406048625707626, 0.04173597693443298, 0.042364053428173065, 0.04263538122177124, 0.037468321621418, 0.0405467189848423], "val_param_upper_loss": [0.057383060455322266, 0.042304523289203644, 0.03920407220721245, 0.035834286361932755, 0.031892869621515274, 0.028127269819378853, 0.024679239839315414, 0.0232227873057127, 0.027278026565909386, 0.0200794767588377, 0.020934641361236572, 0.02024705335497856, 0.018694577738642693, 0.01847815327346325, 0.01807141676545143, 0.017380360513925552, 0.01748865842819214, 0.022289644926786423, 0.018319426104426384, 0.0168964471668005], "val_param_value_mae": [0.6378769278526306, 0.5835986733436584, 0.5580395460128784, 0.5032341480255127, 0.45641228556632996, 0.40495729446411133, 0.3569939434528351, 0.3651178479194641, 0.3485250174999237, 0.3614651560783386, 0.3214944303035736, 0.3768467903137207, 0.31496068835258484, 0.2976546287536621, 0.3121885359287262, 0.3070080578327179, 0.3106497526168823, 0.32993802428245544, 0.28922319412231445, 0.28698477149009705], "val_param_value_acc": [0.5384615659713745, 0.5641025900840759, 0.5512820482254028, 0.6089743375778198, 0.6474359035491943, 0.7628205418586731, 0.807692289352417, 0.8012820482254028, 0.8141025900840759, 0.8397436141967773, 0.7756410241127014, 0.8269230723381042, 0.8525640964508057, 0.7692307829856873, 0.7884615659713745, 0.7884615659713745, 0.7820512652397156, 0.7948718070983887, 0.8269230723381042, 0.8461538553237915], "val_param_lower_mae": [3.0519416332244873, 2.3571572303771973, 1.9572783708572388, 1.8512641191482544, 1.6285513639450073, 1.626403570175171, 1.6189697980880737, 1.5038727521896362, 1.5395560264587402, 1.6026660203933716, 1.5879374742507935, 1.104822039604187, 1.0451830625534058, 1.0375969409942627, 0.9972189664840698, 1.024746060371399, 0.96661376953125, 0.9749926328659058, 0.9511327743530273, 0.7975718379020691], "val_param_lower_acc": [0.31410256028175354, 0.4615384638309479, 0.4038461446762085, 0.4166666567325592, 0.41025641560554504, 0.4423076808452606, 0.4743589758872986, 0.49358972907066345, 0.49358972907066345, 0.49358972907066345, 0.5128205418586731, 0.6346153616905212, 0.6987179517745972, 0.75, 0.7435897588729858, 0.7756410241127014, 0.7051281929016113, 0.7435897588729858, 0.7564102411270142, 0.7820512652397156],