n_taxa,tree_length,tree_height,brlen_mean,brlen_var,age_mean,age_var,B1,N_bar,colless,treeness,n_char_0,n_char_1,n_char_2,n_state_100,n_state_010,n_state_001,n_state_110,n_state_101,n_state_011,n_state_111
472,566.4144914618125,6.363185038163315,0.6012892690677423,0.3725113881221499,6.363185038163314,7.019525004085274e-32,251.45207472266296,11.101694915254237,0.01998464109861318,0.5112299599795673,182,209,160,152,174,130,14,9,14,7
