birth_1,birth_2,death,state_rate,sample_frac
0.168051920365542,0.943839338840917,0.158552778618062,0.0573326334822923,0.536157107229393
