birth_1,birth_2,death,state_rate,sample_frac
0.693102080840617,0.0851359688676894,0.0191927647602468,0.0426907666493207,0.196671048770364
