tree_length,root_age,brlen_mean,brlen_var,brlen_skew,age_mean,age_var,age_skew,B1,N_bar,colless,treeness,f_dat_0,f_dat_1,num_taxa,prop_taxa
1027.6668517586763,11.500538694989999,1.0297263043674114,0.9542651858461438,2.1405015463644665,2.036405436981417,3.025199377402604,1.428379827707604,270.025713072617,12.666,0.024458555665547964,0.44360239405170804,0.114,0.886,500,1.0
