birth_1,birth_2,death,state_rate,sample_frac
0.908207789994776,0.201681931037456,0.181188966488417,0.0572853363351896,0.374563194961231
