birth_1,birth_2,death,state_rate,sample_frac
0.0683966763317585,0.365297803189605,0.0153142691857725,0.065120702679269,0.8410689105411
