birth_1,birth_2,death,state_rate,sample_frac
0.455102417618036,0.971055655973032,0.265774341414072,0.0415607118513435,0.981803118362632
