birth_1,birth_2,death,state_rate,sample_frac
0.176993759348989,0.00733680347912014,0.000533954738972043,0.0750776594271883,0.245896780668634
