birth_1,birth_2,death,state_rate,sample_frac
0.387066316558048,0.764504995662719,0.0172597512925325,0.025201222859323,0.266634763808877
