birth_1,birth_2,death,state_rate,sample_frac
0.751744279405102,0.387806453276426,0.24535159971024,0.00784590793773532,1
