birth_1,birth_2,death,state_rate,sample_frac
0.0536551349796355,0.610631172079593,0.0331125170899712,0.0646505758631974,0.15854501748176
