birth_1,birth_2,death,state_rate,sample_frac
0.733778046444058,0.682067866902798,0.00820547850860182,0.0805685641709715,0.109239928432928
