birth_1,birth_2,death,state_rate,sample_frac
0.932434120681137,0.643748908769339,0.127052530872589,0.0456759251654148,0.25869067967291
