birth_1,birth_2,death,state_rate,sample_frac
0.173296353314072,0.0414616742637008,0.00761207269224837,0.0311842706752941,0.62075019505282
