birth_1,birth_2,death,state_rate,sample_frac
0.00847116415388882,0.883366814581677,0.00255028385044002,0.0117638953961432,0.149397426969464
