birth_1,birth_2,death,state_rate,sample_frac
0.332389782648534,0.0251843470614403,0.0243361583327814,0.00174902162980288,0.171214038981726
