birth_1,birth_2,death,state_rate,sample_frac
0.230601697228849,0.914495954988524,0.134118413719025,0.0529622246744111,0.310982023234924
