birth_1,birth_2,death,state_rate,sample_frac
0.47485242667608,0.947691146982834,0.13635375789502,0.0130365756573156,0.499303843193033
