birth_1,birth_2,death,state_rate,sample_frac
0.204068128485233,0.705565481446683,0.0890282362823854,0.0716467280406505,0.135693256586185
