birth_1,birth_2,death,state_rate,sample_frac
0.92101321159862,0.378982425667346,0.278110708227958,0.0768051370512694,0.122657351205965
