birth_1,birth_2,death,state_rate,sample_frac
0.671375048812479,0.534245136659592,0.169325130629185,0.0527445839485154,0.296351667725602
