birth_1,birth_2,death,state_rate,sample_frac
0.287215007469058,0.640872392337769,0.197992904378367,0.0370635280618444,0.116005632617923
