birth_1,birth_2,death,state_rate,sample_frac
0.952665855176747,0.365227991947904,0.116104033486756,0.00441582840867341,0.104162170542974
