birth_1,birth_2,death,state_rate,sample_frac
0.900551977567375,0.160125511698425,0.147292740584069,0.0471166674280539,0.12974781273039
