birth_1,birth_2,death,state_rate,sample_frac
0.877172917593271,0.593004517722875,0.0552283649724021,0.0772201972547919,0.308286155053731
