birth_1,birth_2,death,state_rate,sample_frac
0.850086620543152,0.813297109212726,0.562251097041074,0.0384712639497593,0.291486798725622
