birth_1,birth_2,death,state_rate,sample_frac
0.632104482967407,0.853666106471792,0.144023963074718,0.0577139459550381,0.604625595853233
