birth_1,birth_2,death,state_rate,sample_frac
0.501776979537681,0.299164481228217,0.200263263616544,0.0758599484572187,0.155793048778257
