birth_1,birth_2,death,state_rate,sample_frac
0.929544513346627,0.381970355287194,0.184172779198901,0.0666450162418187,0.846117574012444
