birth_1,birth_2,death,state_rate,sample_frac
0.394961994607002,0.652431228896603,0.301555712021145,0.0503939311718568,0.249676731960862
