birth_1,birth_2,death,state_rate,sample_frac
0.72087339241989,0.288446265971288,0.186144753121333,0.0801842140499502,1
