birth_1,birth_2,death,state_rate,sample_frac
0.438147446839139,0.877353504067287,0.352553042299839,0.00361346146091819,0.168260549827392
