birth_1,birth_2,death,state_rate,sample_frac
0.622343490598723,0.763030822155997,0.486608403093919,0.0250231459969655,0.269314765854432
