birth_1,birth_2,death,state_rate,sample_frac
0.0500321402214468,0.959752433933318,0.00757202289377455,0.0350161857437342,0.112597264389312
