birth_1,birth_2,death,state_rate,sample_frac
0.64342347253114,0.0506325343158096,0.0207171243781731,0.0370207421015948,0.405315448635859
