birth_1,birth_2,death,state_rate,sample_frac
0.834537970367819,0.768096724059433,0.165460316034899,0.0785438175546005,0.232266861555915
