birth_1,birth_2,death,state_rate,sample_frac
0.512427362380549,0.246961027849466,0.112120064143676,0.0203890233533457,0.254405110118536
