birth_1,birth_2,death,state_rate,sample_frac
0.960890481481329,0.747309825150296,0.00786330796742103,0.0194005260942504,0.255366435944205
