birth_1,birth_2,death,state_rate,sample_frac
0.869334242073819,0.154621858149767,0.128545412332159,0.00205403475556523,0.1954713112076
