birth_1,birth_2,death,state_rate,sample_frac
0.683752059470862,0.7672537737526,0.0711837627806006,0.00612498270347714,1
