birth_1,birth_2,death,state_rate,sample_frac
0.0143792452290654,0.476363509427756,0.0116556163979093,0.0764607606455684,0.440430630830414
