birth_1,birth_2,death,state_rate,sample_frac
0.472829061094671,0.54185120947659,0.319454832608247,0.0611931302119046,0.135367897007706
