birth_1,birth_2,death,state_rate,sample_frac
0.563868931261823,0.486071607097983,0.349869964980916,0.0193498194683343,0.126128504354516
