birth_1,birth_2,death,state_rate,sample_frac
0.226462427293882,0.768043981865048,0.0127213167950627,0.0145689103752375,0.104319258749001
