birth_1,birth_2,death,state_rate,sample_frac
0.453709612600505,0.39948485721834,0.04056368056745,0.079894032003358,0.130573448532618
