birth_1,birth_2,death,state_rate,sample_frac
0.939259442733601,0.861694239545614,0.237831295526456,0.0649161832174286,0.101314860656235
