birth_1,birth_2,death,state_rate,sample_frac
0.262516030110419,0.418240684783086,0.185605151857305,0.0952938706846908,0.145126807789985
