birth_1,birth_2,death,state_rate,sample_frac
0.231218526838347,0.548376434482634,0.12061340706447,0.09892435783986,1
