birth_1,birth_2,death,state_rate,sample_frac
0.391220744466409,0.982629516161978,0.162944590897972,0.0483899957966059,1
