birth_1,birth_2,death,state_rate,sample_frac
0.711248413426802,0.237923562992364,2.29859178197776e-05,0.0627772184088826,0.422982076113208
