birth_1,birth_2,death,state_rate,sample_frac
0.463765803491697,0.813510249368846,0.279399274697036,0.0826822072500363,0.300819640193175
