birth_1,birth_2,death,state_rate,sample_frac
0.907184500480071,0.180429846746847,0.130121523811204,0.0560753749450669,1
