birth_1,birth_2,death,state_rate,sample_frac
0.724476558389142,0.986507288413122,0.536491643859413,0.0738881586119533,0.131908376826575
