birth_1,birth_2,death,state_rate,sample_frac
0.307388707995415,0.627642561681569,0.205744783066545,0.0854634445626289,0.118809421797605
