birth_1,birth_2,death,state_rate,sample_frac
0.940376525279135,0.67758892220445,0.0788973548141441,0.0702887691790238,0.153672367321141
