birth_1,birth_2,death,state_rate,sample_frac
0.403195555787534,0.263928407337517,0.246672762277908,0.0456038580043241,0.124873404903175
