birth_1,birth_2,death,state_rate,sample_frac
0.101977557875216,0.467559001874179,0.0777926990283752,0.0431341216899455,0.159914018046628
