birth_1,birth_2,death,state_rate,sample_frac
0.203088392037898,0.232428927905858,0.118530953012325,0.0999520865967497,0.116452799354942
