birth_1,birth_2,death,state_rate,sample_frac
0.466100340010598,0.496966714970767,0.271914994900721,0.0305974606657401,0.637395384853271
