birth_1,birth_2,death,state_rate,sample_frac
0.135162630584091,0.295387328602374,0.00623512049021887,0.00845544517505914,0.118255270552833
