birth_1,birth_2,death,state_rate,sample_frac
0.556567518040538,0.631852096412331,0.406576895599865,0.0227876753313467,0.597619572727197
