birth_1,birth_2,death,state_rate,sample_frac
0.618416507961228,0.249988989904523,0.125630556182574,0.0931579982629046,0.289227053845039
