birth_1,birth_2,death,state_rate,sample_frac
0.678801892092451,0.541621213546023,0.0628339010768752,0.0521545922150835,0.120873185409437
