birth_1,birth_2,death,state_rate,sample_frac
0.45480335992761,0.815070409094915,0.421992309760223,0.0269343213643879,0.109239455406742
