birth_1,birth_2,death,state_rate,sample_frac
0.68322697491385,0.127387028187513,0.0484599341655352,0.0701928790891543,0.300523624829656
