birth_1,birth_2,death,state_rate,sample_frac
0.401621517259628,0.355918925022706,0.149299254284927,0.0764737143181264,0.144785294080495
