birth_1,birth_2,death,state_rate,sample_frac
0.89050925266929,0.460764226038009,0.280655477893762,0.0364251373102888,0.105154707376487
