tree_length,root_age,brlen_mean,age_mean,B1,colless,age_var,brlen_var,treeness,N_bar,n_dat_0,n_dat_1,num_taxa,prop_taxa
1.225627702782e+03,1.375509199640e+01,1.228083870523e+00,2.428602426463e+00,2.670679477385e+02,1.754513042149e-02,4.570175884857e+00,1.261554872123e+00,4.599887559808e-01,1.111600000000e+01,8,492,500,1
