birth_1,birth_2,death,state_rate,sample_frac
0.902232561027631,0.317422814434394,0.226822358954618,0.0450770804658532,0.141202396925558
