birth_1,birth_2,death,state_rate,sample_frac
0.680830709869042,0.375420083291829,0.356679695528091,0.073539344756864,0.100737392022987
