birth_1,birth_2,death,state_rate,sample_frac
0.789591866312549,0.190530069870874,0.12237977331436,0.0731128397863358,0.398984345490686
