birth_1,birth_2,death,state_rate,sample_frac
0.981660970952362,0.303655277937651,0.115167154054033,0.00662080475594848,0.380723982579438
