birth_1,birth_2,death,state_rate,sample_frac
0.980242823716253,0.59764685225673,0.374917860781699,0.0892901695566252,1
