birth_1,birth_2,death,state_rate,sample_frac
0.513362290570512,0.94921554857865,0.135597532180478,0.0462571063777432,0.18874529222015
