birth_1,birth_2,death,state_rate,sample_frac
0.612060738028958,0.982925296761096,0.586170190116536,0.0472512644249946,0.899479157777523
