birth_1,birth_2,death,state_rate,sample_frac
0.294246778124943,0.371952677844092,0.158660763121492,0.00406224303878844,1
