birth_1,birth_2,death,state_rate,sample_frac
0.452824702020735,0.691902025137097,0.216786216966671,0.0518380941357464,0.117197853706952
