birth_1,birth_2,death,state_rate,sample_frac
0.847651246702299,0.78028510324657,0.734916869397854,0.0529914144193754,0.164315115715548
