birth_1,birth_2,death,state_rate,sample_frac
0.339175064582378,0.905081603676081,0.174455202034257,0.0687880258541554,0.127270094537961
