birth_1,birth_2,death,state_rate,sample_frac
0.85008791112341,0.26508764596656,0.0794984448214977,0.053456719010137,0.104207388007876
