birth_1,birth_2,death,state_rate,sample_frac
0.71072455169633,0.819448956055567,0.301148605738444,0.0331896589370444,0.173175031025425
