birth_1,birth_2,death,state_rate,sample_frac
0.295233467128128,0.239478817908093,0.101249481372445,0.0922686270670965,0.239526048155955
