tree_length,root_age,brlen_mean,age_mean,B1,colless,age_var,brlen_var,treeness,N_bar,n_dat_0,n_dat_1,num_taxa,prop_taxa
3.264337442321e+03,2.753289189933e+01,3.270879200723e+00,6.486582265329e+00,2.653760937592e+02,2.016080353478e-02,2.293360850411e+01,8.118481536394e+00,3.874046598861e-01,1.146600000000e+01,306,194,500,1
