birth_1,birth_2,death,state_rate,sample_frac
0.531017922563478,0.936996531207114,0.294056258563246,0.0896740149240941,0.186430080425488
