birth_1,birth_2,death,state_rate,sample_frac
0.853817156050354,0.998863290296867,0.0276333619572637,0.0474827449768782,0.13983225149781
