birth_1,birth_2,death,state_rate,sample_frac
0.211666960036382,0.316121358424425,0.200505004870549,0.0327369962120429,0.299166340140813
