tree_length,root_age,brlen_mean,age_mean,B1,colless,age_var,brlen_var,treeness,N_bar,n_dat_0,n_dat_1,num_taxa,prop_taxa
8.079344930250e+02,8.555751035120e+00,8.095536002254e-01,1.601961406796e+00,2.663741969417e+02,2.408028909224e-02,2.063611362229e+00,6.178391347700e-01,4.679944078445e-01,1.234400000000e+01,35,465,500,1
