birth_1,birth_2,death,state_rate,sample_frac
0.674810238648206,0.155342311598361,0.140107195895951,0.0560706043150276,0.234784135025073
