birth_1,birth_2,death,state_rate,sample_frac
0.461142511805519,0.291671348270029,0.167065204952354,0.016561465873383,0.257057323886671
