birth_1,birth_2,death,state_rate,sample_frac
0.0179963132832199,0.287039191927761,0.0122030940841404,0.0891992484452203,0.852644077511784
