birth_1,birth_2,death,state_rate,sample_frac
0.213008776074275,0.889644687995315,0.10771940073615,0.0747652453137562,0.511800648740535
