birth_1,birth_2,death,state_rate,sample_frac
0.945352152921259,0.157187074655667,0.0378455040300077,0.0691988567821682,0.19443713829189
