birth_1,birth_2,death,state_rate,sample_frac
0.191149340011179,0.068898955360055,0.00698608104525307,0.047978492337279,0.190093673405589
