birth_1,birth_2,death,state_rate,sample_frac
0.878193937242031,0.983628815738484,0.449348565807117,0.0903139926493168,0.281200050990565
