birth_1,birth_2,death,state_rate,sample_frac
0.925211208639666,0.469169310992584,0.374566759022258,0.0959587545134127,0.18755490838505
