birth_1,birth_2,death,state_rate,sample_frac
0.403488049050793,0.657448244979605,0.324848246890879,0.0255549356807023,0.123260320512523
