birth_1,birth_2,death,state_rate,sample_frac
0.787231054389849,0.959153479663655,0.137807033113654,0.0295052696252242,0.282043042804023
