birth_1,birth_2,death,state_rate,sample_frac
0.349833557149395,0.6029932864476,0.050653637442237,0.0128689520526677,0.177826362331634
