birth_1,birth_2,death,state_rate,sample_frac
0.581286718836054,0.0675581726245582,0.00821505308793056,0.0897440366446972,0.121478360553507
