birth_1,birth_2,death,state_rate,sample_frac
0.376830672146752,0.883909800788388,0.0685591209719524,0.0300081199035049,0.10024089068378
