birth_1,birth_2,death,state_rate,sample_frac
0.448103934759274,0.505011235363781,0.328527465387285,0.0379334968980402,1
