birth_1,birth_2,death,state_rate,sample_frac
0.706101217772812,0.587072659516707,0.197831620771959,0.0116517591988668,1
