birth_1,birth_2,death,state_rate,sample_frac
0.970067444490269,0.350174166727811,0.262969130432142,0.0502584538189694,0.544220480060098
