birth_1,birth_2,death,state_rate,sample_frac
0.0979938094969839,0.0738306858111173,0.0524537420774009,0.0398363584186882,1
