birth_1,birth_2,death,state_rate,sample_frac
0.554480672348291,0.521493531996384,0.187639905542819,0.0916176482569426,0.166167238536616
