birth_1,birth_2,death,state_rate,sample_frac
0.822730251587927,0.944430822739378,0.605984346925635,0.076055844896473,1
