birth_1,birth_2,death,state_rate,sample_frac
0.57216399605386,0.519283856730908,0.415631767142806,0.0908365394221619,0.19578440851494
