birth_1,birth_2,death,state_rate,sample_frac
0.0821933324914426,0.22774544171989,0.0413498226997263,0.0553458481561393,0.347951321608343
