birth_1,birth_2,death,state_rate,sample_frac
0.442087362986058,0.218395673669875,0.153856082311655,0.069173263781704,0.146796523932484
