birth_1,birth_2,death,state_rate,sample_frac
0.0272915046662092,0.554403172107413,0.0215187898497653,0.0400734002236277,1
