birth_1,birth_2,death,state_rate,sample_frac
0.224862117087469,0.653485210146755,0.104208175365259,0.027987766219303,0.916870551537121
