birth_1,birth_2,death,state_rate,sample_frac
0.413141831289977,0.158778500044718,0.127268913767805,0.0582417892524973,0.608119032979024
