tree_length,root_age,brlen_mean,age_mean,B1,colless,age_var,brlen_var,treeness,N_bar,n_dat_0,n_dat_1,num_taxa,prop_taxa
2.168911105243e+03,1.624297602460e+01,2.173257620484e+00,4.313964186798e+00,2.657701302782e+02,2.346057577001e-02,7.960190009793e+00,3.310550929018e+00,3.539896432829e-01,1.206600000000e+01,24,476,500,1
