birth_1,birth_2,death,state_rate,sample_frac
0.103281947085634,0.666957217501476,0.0909825543858402,0.057357352017425,0.109661786299452
