birth_1,birth_2,death,state_rate,sample_frac
0.205242000985891,0.0989667342510074,0.00502288723212023,0.0755705843679607,0.117841782253741
