tree_length,root_age,brlen_mean,age_mean,B1,colless,age_var,brlen_var,treeness,N_bar,n_dat_0,n_dat_1,num_taxa,prop_taxa
2.547783440831e+03,2.350697056864e+01,2.552889219269e+00,5.058670281140e+00,2.722005234961e+02,1.950889731270e-02,1.254899999883e+01,4.430502862728e+00,3.911811145115e-01,1.122400000000e+01,418,82,500,1
