birth_1,birth_2,death,state_rate,sample_frac
0.842678248649463,0.799947386840358,0.773870001041033,0.0169083561282605,0.374712909469671
