birth_1,birth_2,death,state_rate,sample_frac
0.040912325726822,0.579073465429246,0.0255995294528265,0.0190554958069697,0.110471538118735
