birth_1,birth_2,death,state_rate,sample_frac
0.826554180588573,0.74217169941403,0.324713163362178,0.0516219111392275,0.459525458621968
