birth_1,birth_2,death,state_rate,sample_frac
0.468353937380016,0.207279277732596,0.145107114582434,0.0749903351534158,0.14198151228557
