birth_1,birth_2,death,state_rate,sample_frac
0.485401483718306,0.758772329660133,0.0920969740080425,0.0551133106462657,0.635180762778088
