birth_1,birth_2,death,state_rate,sample_frac
0.675692781805992,0.994227888528258,0.485106491197736,0.0766001167474315,0.573212138416046
