birth_1,birth_2,death,state_rate,sample_frac
0.98096858151257,0.289688094286248,0.0970433992977722,0.0385030179517344,0.167861656255637
