birth_1,birth_2,death,state_rate,sample_frac
0.644234333885834,0.382081751944497,0.279206458937812,0.0783028444740921,0.112268810440737
