birth_1,birth_2,death,state_rate,sample_frac
0.250673487549648,0.332901592133567,0.200343261608071,0.0488833241164684,0.118857405471284
