birth_1,birth_2,death,state_rate,sample_frac
0.959489942062646,0.529398530256003,0.247029723463182,0.0377024096669629,0.100427082472265
