birth_1,birth_2,death,state_rate,sample_frac
0.93214289098978,0.227931418223307,0.0975859254947487,0.0508186906808987,1
