birth_1,birth_2,death,state_rate,sample_frac
0.995049911551178,0.695267170201987,0.00743938347784688,0.0345115572912619,0.145247144813601
