birth_1,birth_2,death,state_rate,sample_frac
0.665916725993156,0.151965349214152,0.0878659755152595,0.0786166694480926,0.134100238349588
