birth_1,birth_2,death,state_rate,sample_frac
0.151939027477056,0.449396361131221,0.129918238734868,0.0210714233806357,0.783833414818674
