birth_1,birth_2,death,state_rate,sample_frac
0.818266219459474,0.16533261933364,0.0662976311075404,0.0358608482405543,0.400426004710818
