birth_1,birth_2,death,state_rate,sample_frac
0.112886169925332,0.431811374612153,0.0474153178972704,0.0977702455362305,0.152363892388208
