birth_1,birth_2,death,state_rate,sample_frac
0.469916110858321,0.317283183569089,0.117569315545409,0.000863244314678013,0.756826463331268
