birth_1,birth_2,death,state_rate,sample_frac
0.856714554363862,0.845572264865041,0.469885136722204,0.0683064034441486,0.337892176582957
