birth_1,birth_2,death,state_rate,sample_frac
0.948304814752191,0.652560597518459,0.21977424354576,0.0384469341253862,0.132574450679415
