birth_1,birth_2,death,state_rate,sample_frac
0.913967024767771,0.940328771714121,0.361534273009755,0.0302780819358304,0.354643462643489
