birth_1,birth_2,death,state_rate,sample_frac
0.933450176613405,0.530447569675744,0.214943878572214,0.0654143693856895,0.340344619262634
