birth_1,birth_2,death,state_rate,sample_frac
0.0396932566072792,0.627698441734537,0.00550716734645415,0.0365217843092978,0.16303665028455
