birth_1,birth_2,death,state_rate,sample_frac
0.97859469964169,0.110655655385926,0.0759394935553492,0.0423216763185337,0.11293010418126
