birth_1,birth_2,death,state_rate,sample_frac
0.800288557074964,0.47821676149033,0.217832136120184,0.0491638822248206,1
