birth_1,birth_2,death,state_rate,sample_frac
0.204847823595628,0.162429729476571,0.0495340028483803,0.0535992994904518,0.125010022778688
