birth_1,birth_2,death,state_rate,sample_frac
0.457870006561279,0.951857602922246,0.219520180160139,0.093779715616256,1
