birth_1,birth_2,death,state_rate,sample_frac
0.207581895170733,0.0882892003282905,0.0572460986265659,0.0755558529403061,0.169619805577087
