birth_1,birth_2,death,state_rate,sample_frac
0.361125228693709,0.808346413774416,0.123783788920868,0.0522475109202787,0.114900446182271
