birth_1,birth_2,death,state_rate,sample_frac
0.0016023910138756,0.281983653316274,0.00127017128425369,0.0943902812665328,0.208370294358809
