birth_1,birth_2,death,state_rate,sample_frac
0.659361030906439,0.098502438981086,0.0355207397041124,0.0656382337911054,0.577930022334111
