birth_1,birth_2,death,state_rate,sample_frac
0.728265932993963,0.440237138420343,0.440163328386444,0.0919276154832915,0.193577624872298
