birth_1,birth_2,death,state_rate,sample_frac
0.74770233919844,0.289455449674278,0.288115589755494,0.0688684821594507,0.196006065633359
