birth_1,birth_2,death,state_rate,sample_frac
0.338819040684029,0.990339814685285,0.0677603869298659,0.000307743670418859,0.101300698333265
