birth_1,birth_2,death,state_rate,sample_frac
0.627021238207817,0.454476348357275,0.0217905347389449,0.0922345225233585,0.140337730023883
