birth_1,birth_2,death,state_rate,sample_frac
0.0664222971536219,0.522660250309855,0.0621412163142213,0.0437811411684379,0.563140891502558
