birth_1,birth_2,death,state_rate,sample_frac
0.755631527630612,0.0997554766945541,0.000828479444311911,0.0987234082305804,0.624175333658549
