birth_1,birth_2,death,state_rate,sample_frac
0.525027940282598,0.310930023668334,0.0539904198655856,0.0503033676417544,0.198123960239614
