birth_1,birth_2,death,state_rate,sample_frac
0.998706953600049,0.345497392350808,0.101232650911529,0.0751325556542724,0.996070805535398
