birth_1,birth_2,death,state_rate,sample_frac
0.46094294055365,0.0713050900958478,0.0490193576031776,0.00918527618050575,0.100095020546754
