birth_1,birth_2,death,state_rate,sample_frac
0.482310525840148,0.747365735471249,0.0035848242548761,0.0867669304599986,0.357208850817973
