birth_1,birth_2,death,state_rate,sample_frac
0.100943516474217,0.170393214793876,0.0786108598629408,0.0467659265501425,0.143236661285545
