birth_1,birth_2,death,state_rate,sample_frac
0.238399680005386,0.755380204645917,0.00730070420496113,0.0548188503598794,0.372599531407547
