birth_1,birth_2,death,state_rate,sample_frac
0.0695762822870165,0.286298675229773,0.0291029938610638,0.00719313398003578,0.140123869025978
