birth_1,birth_2,death,state_rate,sample_frac
0.315071978839114,0.85077567701228,0.173331652602922,0.0555848822928965,0.15054245684983
