birth_1,birth_2,death,state_rate,sample_frac
0.617857444100082,0.0889938161708415,0.00172542311184912,0.0905088524566963,0.252104535458679
