birth_1,birth_2,death,state_rate,sample_frac
0.651871317764744,0.321509178960696,0.231141791552666,0.0799657957628369,0.213966605607861
