birth_1,birth_2,death,state_rate,sample_frac
0.481683782767504,0.300902194343507,0.300614082046752,0.0858506696531549,0.118098536061902
