birth_1,birth_2,death,state_rate,sample_frac
0.789864027639851,0.281617923639715,0.0487711077628353,0.010166285187006,0.155840794900683
