birth_1,birth_2,death,state_rate,sample_frac
0.94229078409262,0.188327492214739,0.123454513047438,0.0439963854150847,0.188076401675756
