birth_1,birth_2,death,state_rate,sample_frac
0.457448776112869,0.926335169933736,0.450556543156404,0.0327086522011086,0.164849745098878
