birth_1,birth_2,death,state_rate,sample_frac
0.223712694365531,0.851427546935156,0.0281701449969411,0.05719111666549,0.840315891493365
