birth_1,birth_2,death,state_rate,sample_frac
0.551518546883017,0.737301910761744,0.118525065417264,0.0530125464312732,1
