birth_1,birth_2,death,state_rate,sample_frac
0.610078224213794,0.994671367341653,0.491544697903269,0.0334219180513173,0.243498899231906
