birth_1,birth_2,death,state_rate,sample_frac
0.363791464129463,0.249911559280008,0.16339996759302,0.0949593462981284,0.146583734689829
