birth_1,birth_2,death,state_rate,sample_frac
0.0513114898931235,0.096653621410951,0.0349445431478834,0.0754181020427495,0.152559461661112
