birth_1,birth_2,death,state_rate,sample_frac
0.558176199439913,0.786710581509396,0.270025464524422,0.0682109971996397,0.101834814531281
