birth_1,birth_2,death,state_rate,sample_frac
0.409985523670912,0.459377757739276,0.186089170986836,0.0432064859662205,0.617226724564504
