tree_length,root_age,brlen_mean,age_mean,B1,colless,age_var,brlen_var,treeness,N_bar,n_dat_0,n_dat_1,num_taxa,prop_taxa
1.331679467924e+03,8.513950123060e+00,1.334348164252e+00,2.651634304215e+00,2.740679389023e+02,2.006422483521e-02,3.111696703553e+00,1.226270888810e+00,3.849589859245e-01,1.139800000000e+01,46,454,500,1
