birth_1,birth_2,death,state_rate,sample_frac
0.303875886602327,0.729176917113364,0.219981738442658,0.0820280814776197,0.98965076751409
