birth_1,birth_2,death,state_rate,sample_frac
0.942486307583749,0.395087593002245,0.187627606717073,0.0136050501372665,0.181950450306461
