birth_1,birth_2,death,state_rate,sample_frac
0.81157952058129,0.418366252910346,0.324567600843671,0.00411582943052053,0.615118289098232
