birth_1,birth_2,death,state_rate,sample_frac
0.753970397403464,0.614146924344823,0.266336424437524,0.000213703047484159,0.167248659200744
