birth_1,birth_2,death,state_rate,sample_frac
0.849300734931603,0.528669893275946,0.365708852495155,0.0512630469398573,0.129028619129371
