birth_1,birth_2,death,state_rate,sample_frac
0.342596060130745,0.834688623435795,0.123312071713237,0.0615110312588513,0.440995776607868
