birth_1,birth_2,death,state_rate,sample_frac
0.364594165002927,0.929615397937596,0.146488456481963,0.0730816178722307,0.659312448702074
