birth_1,birth_2,death,state_rate,sample_frac
0.532030507456511,0.757712848018855,0.371914295168314,0.026841592672281,0.982845358724477
