birth_1,birth_2,death,state_rate,sample_frac
0.767855848185718,0.68311175564304,0.25384445099321,0.0327426167204976,0.111381805857745
