birth_1,birth_2,death,state_rate,sample_frac
0.986714372644201,0.253689940553159,0.0748848807975423,0.027765491255559,0.372803349513725
