birth_1,birth_2,death,state_rate,sample_frac
0.886367006693035,0.432635618140921,0.011359733038718,0.0348280430305749,0.136101090091633
