birth_1,birth_2,death,state_rate,sample_frac
0.099341772031039,0.7063693983946,0.0601054474266642,0.0576615795027465,0.137068482872884
