birth_1,birth_2,death,state_rate,sample_frac
0.602473524631932,0.251561758341268,0.0891834065579485,0.0314111362211406,0.14666891091784
