birth_1,birth_2,death,state_rate,sample_frac
0.0858302065171301,0.480343918083236,0.026765896681194,0.00339426901191473,0.101083225774738
