birth_1,birth_2,death,state_rate,sample_frac
0.932997566182166,0.314364076592028,0.267787426753675,0.00854870057664812,0.152013258011925
