birth_1,birth_2,death,state_rate,sample_frac
0.76279559568502,0.550838682800531,0.231916144780907,0.0543150772573426,0.249735339676719
