birth_1,birth_2,death,state_rate,sample_frac
0.845088282600045,0.690882237860933,0.58648257524426,0.0248234078055248,0.117063301044248
