birth_1,birth_2,death,state_rate,sample_frac
0.866481631528586,0.951984260464087,0.735401996765977,0.0685314371716231,0.137889041591061
