birth_1,birth_2,death,state_rate,sample_frac
0.707411046139896,0.538656023098156,0.504958732085597,0.0407017578370869,0.621665321331402
