birth_1,birth_2,death,state_rate,sample_frac
0.590319729177281,0.820436094887555,0.132301560688095,0.0455120594473556,0.136517159343224
