birth_1,birth_2,death,state_rate,sample_frac
0.390133661450818,0.535947981290519,0.0412701688014323,0.0357659227447584,0.201788037988289
