birth_1,birth_2,death,state_rate,sample_frac
0.601768777007237,0.784092210698873,0.194683391609903,0.0837546228663996,0.189232828264929
