birth_1,birth_2,death,state_rate,sample_frac
0.657423201482743,0.816737236455083,0.336121031853061,0.0196133856661618,0.201739326638869
