birth_1,birth_2,death,state_rate,sample_frac
0.388363040052354,0.928544821683317,0.0358143433098542,0.0274123415118083,0.27828533720889
