birth_1,birth_2,death,state_rate,sample_frac
0.843727872241288,0.932653860189021,0.520966086728943,0.0130336361005902,0.327248797076205
