birth_1,birth_2,death,state_rate,sample_frac
0.500990637112409,0.317791353212669,0.202948380907156,0.072668263874948,1
