birth_1,birth_2,death,state_rate,sample_frac
0.513046413194388,0.127470729174092,0.0174771061432964,0.0622353591956198,0.102252194098524
