birth_1,birth_2,death,state_rate,sample_frac
0.208771225530654,0.304866668069735,0.0849749155507835,0.0832904442911968,0.102178393995022
