birth_1,birth_2,death,state_rate,sample_frac
0.212323691695929,0.860098445788026,0.143369059982305,0.0999310010345653,0.289724198886904
