birth_1,birth_2,death,state_rate,sample_frac
0.775715126655996,0.395742046181113,0.137807807098668,0.0406828477745876,0.12677844348219
