birth_1,birth_2,death,state_rate,sample_frac
0.286378962453455,0.931687692180276,0.10856511501327,0.0191581245046109,0.132753706888293
