birth_1,birth_2,death,state_rate,sample_frac
0.560806015506387,0.524820026708767,0.135983116145395,0.0566952168941498,1
