birth_1,birth_2,death,state_rate,sample_frac
0.34479427151382,0.657407447695732,0.296530722970763,0.0487693678587675,0.258077818944262
