birth_1,birth_2,death,state_rate,sample_frac
0.289122644346207,0.62880199146457,0.0351406295885526,0.0540330823045224,0.244885541980302
