birth_1,birth_2,death,state_rate,sample_frac
0.673463259125128,0.421054232865572,0.26218020600155,0.060037249349989,0.214308159223286
