birth_1,birth_2,death,state_rate,sample_frac
0.699018535437062,0.209164064144716,0.153976340832181,0.0774439566768706,0.143026834119996
