birth_1,birth_2,death,state_rate,sample_frac
0.27704246295616,0.390998248476535,0.12202747161211,0.02414513269905,0.253520391844307
