birth_1,birth_2,death,state_rate,sample_frac
0.317678157472983,0.485937046119943,0.0178825968992764,0.0379696064861491,0.39081815844616
