birth_1,birth_2,death,state_rate,sample_frac
0.0677091372199357,0.855706362519413,0.0284058193326469,0.0762924484210089,0.227212199819821
