birth_1,birth_2,death,state_rate,sample_frac
0.196680959314108,0.0329240406863391,0.0304546719334629,0.0690491494955495,0.225937130733158
