birth_1,birth_2,death,state_rate,sample_frac
0.665248914156109,0.39851686777547,0.173689850778399,0.050109275477007,0.112218685363981
