birth_1,birth_2,death,state_rate,sample_frac
0.958991214400157,0.536266689421609,0.28266523608344,0.0885597231332213,0.267761269813268
