birth_1,birth_2,death,state_rate,sample_frac
0.828721897909418,0.285539956064895,0.126773101327545,0.05192043450661,0.32888773673114
