birth_1,birth_2,death,state_rate,sample_frac
0.795024745631963,0.201607588445768,0.127086233731856,0.0668082427000627,1
