birth_1,birth_2,death,state_rate,sample_frac
0.0725654624402523,0.903863509651273,0.0234406274122507,0.028526452742517,0.132626313603382
