birth_1,birth_2,death,state_rate,sample_frac
0.722062630578876,0.238145838491619,0.138233489961054,0.0282859307248145,0.102822087526484
