birth_1,birth_2,death,state_rate,sample_frac
0.734445521840826,0.315542212687433,0.0331948014501652,0.0214490309823304,0.110263443726887
