birth_1,birth_2,death,state_rate,sample_frac
0.641851787921041,0.119628666900098,0.0209048430418564,0.0925151917850599,0.303174175340772
