birth_1,birth_2,death,state_rate,sample_frac
0.333079625153914,0.867935308720917,0.238209974235715,0.0896587952040136,0.169364274582165
