birth_1,birth_2,death,state_rate,sample_frac
0.705341813853011,0.942254497669637,0.639302575824825,0.0779564950382337,0.506088567670145
