birth_1,birth_2,death,state_rate,sample_frac
0.249063841532916,0.930243983166292,0.0760029540185235,0.0158805005950853,0.130443026173007
