birth_1,birth_2,death,state_rate,sample_frac
0.659667894244194,0.417735944036394,0.354129271518948,0.0234056690940633,0.10103583384914
