birth_1,birth_2,death,state_rate,sample_frac
0.561503614997491,0.810657826019451,0.487272184795381,0.0955817436333746,0.111679495269088
