birth_1,birth_2,death,state_rate,sample_frac
0.671751146903262,0.926246994407848,0.136334527121657,0.0992144932737574,0.313721856256414
