birth_1,birth_2,death,state_rate,sample_frac
0.640094379195943,0.537732655415311,0.3325532798517,0.0424596081255004,0.43878615268461
