birth_1,birth_2,death,state_rate,sample_frac
0.535130286123604,0.915738257113844,0.158713772335214,0.0374215094838291,0.186799231294448
