birth_1,birth_2,death,state_rate,sample_frac
0.959948922041804,0.325322440825403,0.066854737918255,0.0738800400868058,0.15769545528184
