birth_1,birth_2,death,state_rate,sample_frac
0.542139693628997,0.556876644259319,0.0371818460663746,0.0652224095072597,0.170852300071781
