tree_length,root_age,brlen_mean,age_mean,B1,colless,age_var,brlen_var,treeness,N_bar,n_dat_0,n_dat_1,num_taxa,prop_taxa
1.750011842814e+03,1.122864580437e+01,1.753518880576e+00,3.484535464917e+00,2.661476605696e+02,2.446660389051e-02,6.072317061705e+00,2.291315435220e+00,3.872315660181e-01,1.269200000000e+01,444,56,500,1
