birth_1,birth_2,death,state_rate,sample_frac
0.786961398087442,0.0882376166991889,0.0724750533051413,0.0534985870588571,0.751323776198957
