birth_1,birth_2,death,state_rate,sample_frac
0.235078592086211,0.636798199266195,0.0108508208461451,0.0614031109027565,1
