birth_1,birth_2,death,state_rate,sample_frac
0.736007605912164,0.683298901189119,0.0153979464833942,0.0538196710404009,0.129950145051672
