birth_1,birth_2,death,state_rate,sample_frac
0.104498130269349,0.278712731320411,0.00649805311267761,0.0642944525694475,0.188268998132515
