birth_1,birth_2,death,state_rate,sample_frac
0.804196113254875,0.141907642129809,0.066462913032752,0.0860431378008798,0.191501456851705
