birth_1,birth_2,death,state_rate,sample_frac
0.00339620374143124,0.83549546613358,0.0013005706417335,0.0197542034322396,1
