birth_1,birth_2,death,state_rate,sample_frac
0.694508413318545,0.957428231369704,0.469975156771978,0.0337744283257052,0.117051038779585
