birth_1,birth_2,death,state_rate,sample_frac
0.931906246813014,0.982238177210093,0.753927612700702,0.0736787488218397,0.149673594197852
