birth_1,birth_2,death,state_rate,sample_frac
0.553331995615736,0.79178712470457,0.415507955227969,0.0787659995723516,0.804283877626578
