birth_1,birth_2,death,state_rate,sample_frac
0.760215180693194,0.817451869137585,0.06736894078104,0.00559430250432342,0.12712315438395
