birth_1,birth_2,death,state_rate,sample_frac
0.0677763179410249,0.186946488218382,0.0204528114624333,0.011529168416746,0.227997988503991
