birth_1,birth_2,death,state_rate,sample_frac
0.463025730568916,0.187848472502083,0.0337151311747124,0.092087461380288,0.250566188287502
