birth_1,birth_2,death,state_rate,sample_frac
0.555004599038512,0.847944922279567,0.0490072438510127,0.0100587903521955,0.106160564087334
