birth_1,birth_2,death,state_rate,sample_frac
0.241408978123218,0.814149093115702,0.187942346762157,0.0117383102187887,0.173114235080652
