birth_1,birth_2,death,state_rate,sample_frac
0.931537551805377,0.700776702258736,0.466040757023612,0.0479057320393622,0.128388090686365
