birth_1,birth_2,death,state_rate,sample_frac
0.426832755329087,0.385856973007321,0.173476949959724,0.0407028428278863,0.104071353766569
