birth_1,birth_2,death,state_rate,sample_frac
0.389392452314496,0.481902032392099,0.0669507181250297,0.0708704761229455,0.203707903233348
