birth_1,birth_2,death,state_rate,sample_frac
0.944275046465918,0.334750052308664,0.192015698739754,0.0792100795544684,0.339043813692799
