birth_1,birth_2,death,state_rate,sample_frac
0.280807659728453,0.99786484753713,0.149999670059608,0.0193430599058047,0.134934313777844
