birth_1,birth_2,death,state_rate,sample_frac
0.238646898884326,0.497391171986237,0.01993715291993,0.0297806792426854,0.566480055579263
