birth_1,birth_2,death,state_rate,sample_frac
0.730999631341547,0.346332388697192,0.0346937045624625,0.0308394545223564,0.246313467195257
