birth_1,birth_2,death,state_rate,sample_frac
0.420619133394212,0.300964385503903,0.0444329165933249,0.0364036727463827,0.994181523854518
