birth_1,birth_2,death,state_rate,sample_frac
0.478260182542726,0.173203607322648,0.142270718079623,0.0307358629070222,1
