birth_1,birth_2,death,state_rate,sample_frac
0.690256766974926,0.0365441793110222,0.0167308712573236,0.058497831877321,0.105699539010697
