birth_1,birth_2,death,state_rate,sample_frac
0.020019750110805,0.711157519370317,0.0144521156572043,0.0474783736048266,0.691842143958861
