birth_1,birth_2,death,state_rate,sample_frac
0.299533357378095,0.875474415253848,0.11990783417772,0.0187867721309885,0.126213576990615
