birth_1,birth_2,death,state_rate,sample_frac
0.528238219907507,0.902520465664566,0.0735330309021335,0.0061707379296422,0.629785229739699
