birth_1,birth_2,death,state_rate,sample_frac
0.0590841725934297,0.29336070199497,0.0207255665584159,0.0858337776968256,0.124961090037924
