birth_1,birth_2,death,state_rate,sample_frac
0.203430797206238,0.365029208827764,0.0817762980375049,0.00666624815203249,0.232393814889797
