birth_1,birth_2,death,state_rate,sample_frac
0.00482978136278689,0.427272594068199,0.0028310621146522,0.0906425906578079,0.102454514469053
