birth_1,birth_2,death,state_rate,sample_frac
0.430068169720471,0.620777236064896,0.022273288761239,0.0562715247506276,0.360457229333333
