birth_1,birth_2,death,state_rate,sample_frac
0.512480646139011,0.570079319411889,0.37062418704402,0.0954160177148879,0.138126370107949
