birth_1,birth_2,death,state_rate,sample_frac
0.451770134037361,0.819884639699012,0.302513603178554,0.0934229342034087,0.126252640914127
