tree_length,root_age,brlen_mean,age_mean,B1,colless,age_var,brlen_var,treeness,N_bar,n_dat_0,n_dat_1,num_taxa,prop_taxa
1.899017687174e+03,1.602715764832e+01,1.902823333842e+00,3.773528115249e+00,2.668826214420e+02,2.218895622570e-02,5.997420549356e+00,2.476581422864e+00,3.494117058717e-01,1.202200000000e+01,419,81,500,1
