birth_1,birth_2,death,state_rate,sample_frac
0.347418242134154,0.883039328968152,0.0225957064989979,0.0907227207673714,0.192303928777837
