birth_1,birth_2,death,state_rate,sample_frac
0.544433452421799,0.238956252811477,0.170337530951994,0.0137745643034577,0.16263639452044
