birth_1,birth_2,death,state_rate,sample_frac
0.514923830050975,0.377663215855137,0.157990619773242,0.0370422003557906,0.168408197756506
