birth_1,birth_2,death,state_rate,sample_frac
0.253369684098288,0.734165706671774,0.21077105450322,0.0613621397642419,0.160728412773997
