birth_1,birth_2,death,state_rate,sample_frac
0.79346203408204,0.28080923599191,0.199644334044406,0.0888619242003188,0.142423972292707
