birth_1,birth_2,death,state_rate,sample_frac
0.35942348302342,0.740590126020834,0.15027837004313,0.0578584703849629,0.751517636103009
