birth_1,birth_2,death,state_rate,sample_frac
0.0927452563773841,0.874431086005643,0.0437205615130011,0.00572255093138665,0.100089392410087
