birth_1,birth_2,death,state_rate,sample_frac
0.81471594539471,0.450924389762804,0.105980789502012,0.0686037895968184,0.381082676312898
