birth_1,birth_2,death,state_rate,sample_frac
0.384173603961244,0.991980911465362,0.281953096537159,0.0444728080648929,0.103574134900744
