birth_1,birth_2,death,state_rate,sample_frac
0.25644161272794,0.268233819399029,0.0193136591490563,0.0824105798033997,0.189783717723015
