birth_1,birth_2,death,state_rate,sample_frac
0.891691519645974,0.263543976005167,0.175504099292588,0.050207735481672,0.16893539636421
