tree_length,root_age,brlen_mean,age_mean,B1,colless,age_var,brlen_var,treeness,N_bar,n_dat_0,n_dat_1,num_taxa,prop_taxa
2.320691350963e+03,1.982892169896e+01,2.325342035033e+00,4.610946752008e+00,2.589239928759e+02,2.760541162647e-02,1.134398258064e+01,4.207967074389e+00,3.760246556563e-01,1.305200000000e+01,399,101,500,1
