birth_1,birth_2,death,state_rate,sample_frac
0.0834611216560006,0.128123090835288,0.0094429977166585,0.076066971803084,0.349316956762797
