birth_1,birth_2,death,state_rate,sample_frac
0.294905995950103,0.31424802611582,0.150833799826396,0.0395489912247285,0.104717260480601
