birth_1,birth_2,death,state_rate,sample_frac
0.180209780810401,0.793390521081164,0.155453304336308,0.0714136928319931,0.120528118799669
