birth_1,birth_2,death,state_rate,sample_frac
0.32692287559621,0.526369469007477,0.268008117080275,0.00132329924963415,1
