birth_1,birth_2,death,state_rate,sample_frac
0.0990561370272189,0.0591333163902164,0.0147152767885971,0.0602911069756374,0.264548360108905
