birth_1,birth_2,death,state_rate,sample_frac
0.979736547451466,0.318655437324196,0.0240105925507095,0.0531459344318137,0.27734737750157
