birth_1,birth_2,death,state_rate,sample_frac
0.322032719152048,0.178807479329407,0.0407701361105757,0.0304307464510202,0.117735351278668
