birth_1,birth_2,death,state_rate,sample_frac
0.478731184732169,0.866331048309803,0.241975786520467,0.0182734615635127,0.154248686024009
