birth_1,birth_2,death,state_rate,sample_frac
0.224642427172512,0.202443541027606,0.061392713333978,0.0766528211068362,0.993697103656615
