birth_1,birth_2,death,state_rate,sample_frac
0.135014143073931,0.332142234547064,0.0563077958075367,0.0613225701730698,0.118056839321819
