birth_1,birth_2,death,state_rate,sample_frac
0.356650752481073,0.981898971600458,0.137922933642841,0.0768535940907896,1
