birth_1,birth_2,death,state_rate,sample_frac
0.325685678748414,0.887657722923905,0.0304657640906525,0.0678461867384613,0.342448910903485
