birth_1,birth_2,death,state_rate,sample_frac
0.384874136885628,0.85397237027064,0.207275548380028,0.0359278049087152,0.126204160448926
