birth_1,birth_2,death,state_rate,sample_frac
0.414461352396756,0.520328613463789,0.0947582441980137,0.0595210398780182,1
