birth_1,birth_2,death,state_rate,sample_frac
0.339049834990874,0.461542917182669,0.15422781651238,0.0410026136785746,0.144663736063334
