birth_1,birth_2,death,state_rate,sample_frac
0.911067093256861,0.24711683858186,0.205146832234618,0.0806166347116232,0.163582784582138
