birth_1,birth_2,death,state_rate,sample_frac
0.255384517833591,0.512890679063275,0.0388467113031745,0.0133474317379296,0.282572829359036
