birth_1,birth_2,death,state_rate,sample_frac
0.325847462052479,0.916937523754314,0.132221720802213,0.0434049927163869,0.196815163583557
