birth_1,birth_2,death,state_rate,sample_frac
0.30327364965342,0.595115834847093,0.16223933194416,0.071553046675399,0.647163688383686
