birth_1,birth_2,death,state_rate,sample_frac
0.881174028618261,0.909727602032945,0.38839004246536,0.027444486413151,1
