birth_1,birth_2,death,state_rate,sample_frac
0.545723933493719,0.0806197540368885,0.0166332544639053,0.0326667222892866,0.242258019252706
