birth_1,birth_2,death,state_rate,sample_frac
0.110838920809329,0.0181787074543536,0.000886031289063356,0.062712993985042,0.833143069051618
