birth_1,birth_2,death,state_rate,sample_frac
0.274701475165784,0.101291156606749,0.0215547263212224,0.0694968949537724,1
