birth_1,birth_2,death,state_rate,sample_frac
0.953534967731684,0.356679818360135,0.245076468995393,0.0810770424781367,0.145755947373647
