birth_1,birth_2,death,state_rate,sample_frac
0.133242446463555,0.274531441973522,0.132627156453392,0.0372191580245271,0.216435504142077
