birth_1,birth_2,death,state_rate,sample_frac
0.203202094184235,0.0318106487393379,0.0231415540667434,0.0842850995250046,0.827852399066045
