birth_1,birth_2,death,state_rate,sample_frac
0.747435870347545,0.417870531091467,0.356305133428131,0.0671223990153521,0.158163497940851
