birth_1,birth_2,death,state_rate,sample_frac
0.80491480906494,0.908778892830014,0.287186236793261,0.0548145567532629,1
