birth_1,birth_2,death,state_rate,sample_frac
0.0910773223731667,0.750661726342514,0.0699361359178011,0.0311838140478358,0.187478996708025
