birth_1,birth_2,death,state_rate,sample_frac
0.972530308645219,0.740141967544332,0.148556690671328,0.0734878761461005,0.273430950744145
