birth_1,birth_2,death,state_rate,sample_frac
0.197030240669847,0.301775520900264,0.180364448072303,0.0863316125469282,0.304882306337757
