birth_1,birth_2,death,state_rate,sample_frac
0.55099368467927,0.908437024336308,0.154229127102397,0.052196700591594,0.270480132349406
