birth_1,birth_2,death,state_rate,sample_frac
0.806225786916912,0.780867104185745,0.414508249664184,0.00123082192149013,0.101852879459547
