birth_1,birth_2,death,state_rate,sample_frac
0.718291732482612,0.994219403713942,0.475393424534779,0.092436246573925,0.31551456739815
