birth_1,birth_2,death,state_rate,sample_frac
0.80013556452468,0.68380343192257,0.211493292168031,0.0229692361317575,0.729829648427663
