birth_1,birth_2,death,state_rate,sample_frac
0.645866670180112,0.0778094371780753,0.0728881726812431,0.0347764163976535,0.148541736789717
