birth_1,birth_2,death,state_rate,sample_frac
0.194293917622417,0.927395917940885,0.131923028890644,0.0037097570952028,0.212905317993258
