birth_1,birth_2,death,state_rate,sample_frac
0.440232302295044,0.301390693988651,0.149800348479042,0.0712482972769067,1
