birth_1,birth_2,death,state_rate,sample_frac
0.804846282349899,0.642416887683794,0.0769546313052907,0.0809079098282382,0.133073375660184
