birth_1,birth_2,death,state_rate,sample_frac
0.717541658319533,0.415553057566285,0.266639770470065,0.0652306609787047,0.52753070208013
