birth_1,birth_2,death,state_rate,sample_frac
0.322266269475222,0.992147910874337,0.0411937677863513,0.00127573725767434,0.164733754639262
