birth_1,birth_2,death,state_rate,sample_frac
0.241586661199108,0.819368720054626,0.0649703539975569,0.0128528470406309,0.309973134327995
