birth_1,birth_2,death,state_rate,sample_frac
0.322551703546196,0.545421005925164,0.236330103283305,0.0863822775427252,0.283495211878821
