birth_1,birth_2,death,state_rate,sample_frac
0.920739438850433,0.269361447542906,0.118216833259727,0.0072375780204311,0.176812797574146
