birth_1,birth_2,death,state_rate,sample_frac
0.590475130826235,0.480820024386048,0.0395817781420051,0.0215816529933363,0.249127646900111
