birth_1,birth_2,death,state_rate,sample_frac
0.95476455707103,0.761067544575781,0.100262084176544,0.0297141690505669,0.115001890644514
