tree_length,root_age,brlen_mean,age_mean,B1,colless,age_var,brlen_var,treeness,N_bar,n_dat_0,n_dat_1,num_taxa,prop_taxa
1.593359528348e+03,1.237676215351e+01,1.596552633616e+00,3.168302136648e+00,2.667456116381e+02,2.051492543320e-02,5.355661029989e+00,1.907005434496e+00,3.917102896918e-01,1.149000000000e+01,102,398,500,1
