birth_1,birth_2,death,state_rate,sample_frac
0.757906737737358,0.392366600921378,0.222553972948643,0.0173374507343397,0.125481423562223
