birth_1,birth_2,death,state_rate,sample_frac
0.645130944671109,0.959229761967435,0.000316517170015029,0.0608144627418369,0.101015605203365
