birth_1,birth_2,death,state_rate,sample_frac
0.385273651685566,0.658201836515218,0.0192659927367714,0.0242326593259349,0.143389517634912
