tree_length,root_age,brlen_mean,age_mean,B1,colless,age_var,brlen_var,treeness,N_bar,n_dat_0,n_dat_1,num_taxa,prop_taxa
1.521986695546e+02,9.206110703500e+00,1.769751971565e+00,3.325408345444e+00,2.436785714286e+01,1.040974529347e-01,6.366187963302e+00,2.642184531723e+00,4.701315009362e-01,6.500000000000e+00,32,12,44,1
