birth_1,birth_2,death,state_rate,sample_frac
0.096613985253498,0.236267237458378,0.0169996718323954,0.0856978544499725,0.303650926586854
