birth_1,birth_2,death,state_rate,sample_frac
0.489302701782435,0.733955421252176,0.450547461770148,0.068784509669058,1
