birth_1,birth_2,death,state_rate,sample_frac
0.878054961329326,0.591440919553861,0.335633052233299,0.0957301079761237,0.157794784633593
