birth_1,birth_2,death,state_rate,sample_frac
0.87388449953869,0.513736760010943,0.408582021277792,0.0876989675220102,0.109299530353903
