birth_1,birth_2,death,state_rate,sample_frac
0.117200075881556,0.527009294833988,0.0145223252927738,0.0390570690622553,0.113717279984412
