birth_1,birth_2,death,state_rate,sample_frac
0.205615761457011,0.565884756855667,0.0817074993184609,0.0705321513582021,0.816659578943811
