birth_1,birth_2,death,state_rate,sample_frac
0.735299605643377,0.13522028666921,0.0100400161252192,0.0229289964772761,0.695035822296304
