birth_1,birth_2,death,state_rate,sample_frac
0.940531111788005,0.0876625429373235,0.0857151182495072,0.0254057058366016,0.110088884750097
