birth_1,birth_2,death,state_rate,sample_frac
0.834555263631046,0.890207553980872,0.560507654264897,0.0911971024470404,0.866445521726049
