birth_1,birth_2,death,state_rate,sample_frac
0.0550713504198939,0.795461759669706,0.03285825449876,0.0427513229893521,0.507551473459088
