birth_1,birth_2,death,state_rate,sample_frac
0.235886863665655,0.707620937144384,0.0810846123845566,0.0552354086423293,0.292426276405712
