birth_1,birth_2,death,state_rate,sample_frac
0.138189239194617,0.408844116376713,0.0946688218083205,0.0184772844891995,1
