birth_1,birth_2,death,state_rate,sample_frac
0.863896064227447,0.506216310663149,0.0792868131743515,0.0759387723170221,0.594052596205336
