birth_1,birth_2,death,state_rate,sample_frac
0.830447626067325,0.641745518893003,0.333127499229773,0.0286139534786344,0.109292432643284
