birth_1,birth_2,death,state_rate,sample_frac
0.276567637454718,0.694186145206913,0.27640614075094,0.0392548596486449,0.155587194495883
