birth_1,birth_2,death,state_rate,sample_frac
0.783643226139247,0.614148295018822,0.442314323460506,0.0191385580925271,0.168718056725989
