birth_1,birth_2,death,state_rate,sample_frac
0.213780391030014,0.894413792993873,0.135446421110077,0.00246797786094248,0.107645592841619
