birth_1,birth_2,death,state_rate,sample_frac
0.281793031143025,0.847854088060558,0.00152997105683597,0.0185984577517956,1
