birth_1,birth_2,death,state_rate,sample_frac
0.326490913284943,0.439566418295726,0.100244851989775,0.0679328439058736,0.194904544719759
