birth_1,birth_2,death,state_rate,sample_frac
0.399416701402515,0.185450456105173,0.0711844397079979,0.0684916288824752,0.139531705731698
