birth_1,birth_2,death,state_rate,sample_frac
0.184460753342137,0.959613825660199,0.169461031987729,0.0699252303456888,0.127138679621613
