birth_1,birth_2,death,state_rate,sample_frac
0.650160865625367,0.53100104816258,0.479393449878102,0.00218151635490358,0.190471725267987
