birth_1,birth_2,death,state_rate,sample_frac
0.225157875800505,0.367138876346871,0.0488721305112571,0.0570609472459182,0.221724205499311
