birth_1,birth_2,death,state_rate,sample_frac
0.395920121809468,0.738035474903882,0.0730458969665674,0.0576809521764517,0.139679896600084
