birth_1,birth_2,death,state_rate,sample_frac
0.105130018200725,0.598578594857827,0.0158140867056184,0.0836237496463582,0.622704986471768
