birth_1,birth_2,death,state_rate,sample_frac
0.202252155635506,0.72903180681169,0.0177399508479458,0.0593936992343515,0.124963639252467
