birth_1,birth_2,death,state_rate,sample_frac
0.477696749381721,0.871752214618027,0.363243275468758,0.0896610704483464,0.160638735486098
