birth_1,birth_2,death,state_rate,sample_frac
0.632499787723646,0.00068948557600379,0.000597315002152324,0.0172702257987112,0.184663505629989
