birth_1,birth_2,death,state_rate,sample_frac
0.503272583009675,0.460527657996863,0.411131361699032,0.0151142781600356,0.121255594799315
