birth_1,birth_2,death,state_rate,sample_frac
0.424430235289037,0.94472901080735,0.19190425568192,0.0426913146395236,0.191163067264989
