birth_1,birth_2,death,state_rate,sample_frac
0.900307653006166,0.13216749788262,0.0521848045282573,0.0144030985189602,0.114324901013152
