birth_1,birth_2,death,state_rate,sample_frac
0.934294408652931,0.393001336837187,0.115766266228471,0.0145279876189306,0.27952394412406
