birth_1,birth_2,death,state_rate,sample_frac
0.477599513484165,0.136364876991138,0.10801048709294,0.01925328373909,0.102273247404221
