birth_1,birth_2,death,state_rate,sample_frac
0.639548623235896,0.412622347008437,0.103996634513158,0.0376345159951597,0.108829234831304
