birth_1,birth_2,death,state_rate,sample_frac
0.865260409889743,0.368882736423984,0.320472331672706,0.0645915220491588,0.188078636388552
