birth_1,birth_2,death,state_rate,sample_frac
0.0113820913247764,0.716866875533015,0.00663270865283092,0.0403257263591513,0.107119478293298
