birth_1,birth_2,death,state_rate,sample_frac
0.813189416192472,0.052498625125736,0.0259864258776576,0.0190531830769032,0.10834427769748
