birth_1,birth_2,death,state_rate,sample_frac
0.484627383062616,0.358580112690106,0.15122684549953,0.0246202504495159,0.120391846484067
