birth_1,birth_2,death,state_rate,sample_frac
0.845957358367741,0.240266093052924,0.0911099046382396,0.0474884736118838,1
