birth_1,birth_2,death,state_rate,sample_frac
0.0219707505311817,0.442686243215576,0.00350402573717187,0.0352520163170993,0.328364240317876
