birth_1,birth_2,death,state_rate,sample_frac
0.623419182840735,0.874576530884951,0.534785299239071,0.0567541341064498,0.128532434837082
