birth_1,birth_2,death,state_rate,sample_frac
0.522460737032816,0.715359597699717,0.352711303878984,0.0395810717949644,0.10767411233426
