birth_1,birth_2,death,state_rate,sample_frac
0.779105057707056,0.6963059627451,0.025157294104542,0.0824665720574558,0.125723802357995
