birth_1,birth_2,death,state_rate,sample_frac
0.610636788187549,0.615938583621755,0.260252562773504,0.0995545064099133,0.849752230540559
