birth_1,birth_2,death,state_rate,sample_frac
0.940274208784103,0.789968905970454,0.411964651788605,0.0313398698344827,0.901986767573494
