birth_1,birth_2,death,state_rate,sample_frac
0.286813013488427,0.771953123621643,0.181250837474213,0.0491967647569254,0.153370379489422
