birth_1,birth_2,death,state_rate,sample_frac
0.264914792962372,0.118900500237942,0.065393036274152,0.0772215476259589,0.159933325894363
