birth_1,birth_2,death,state_rate,sample_frac
0.246985081816092,0.274259624071419,0.104093516946027,0.0726760145742446,1
