birth_1,birth_2,death,state_rate,sample_frac
0.823904328513891,0.154282791307196,0.0408586761671175,0.0225120685994625,0.228827828556915
