birth_1,birth_2,death,state_rate,sample_frac
0.561238243244588,0.772062504896894,0.261071508261285,0.0788127793231979,0.182773902762346
