birth_1,birth_2,death,state_rate,sample_frac
0.962203203467652,0.288169963750988,0.123935674139156,0.0461514780996367,0.239138252973152
