birth_1,birth_2,death,state_rate,sample_frac
0.710939491400495,0.953489448875189,0.577798024754712,0.0484570460394025,0.105305183159108
