birth_1,birth_2,death,state_rate,sample_frac
0.923757534706965,0.909365551313385,0.574584816258999,0.00648377945180982,0.1458557060545
