birth_1,birth_2,death,state_rate,sample_frac
0.401482978602871,0.677857431350276,0.0621770738059108,0.0048910983838141,0.178885903775952
