tree_length,root_age,brlen_mean,age_mean,B1,colless,age_var,brlen_var,treeness,N_bar,n_dat_0,n_dat_1,num_taxa,prop_taxa
2.286223009900e+03,1.751453218041e+01,2.290804619138e+00,4.546509975321e+00,2.643742441167e+02,2.174630385269e-02,1.074030364778e+01,4.091052402595e+00,3.731027349927e-01,1.182000000000e+01,416,84,500,1
