birth_1,birth_2,death,state_rate,sample_frac
0.680436871713027,0.758994235657156,0.198480179932886,0.0423208802007139,0.187342925815754
