birth_1,birth_2,death,state_rate,sample_frac
0.181398618035018,0.542687519919127,0.0270899359859617,0.0592278742464259,0.187701788284742
