birth_1,birth_2,death,state_rate,sample_frac
0.60076134512201,0.238162322901189,0.122733226102143,0.028721910296008,0.171005141806916
