birth_1,birth_2,death,state_rate,sample_frac
0.368360148509964,0.858319253427908,0.3597044668119,0.027900472143665,0.248610501909734
