birth_1,birth_2,death,state_rate,sample_frac
0.39538154262118,0.794916500337422,0.236813373130014,0.096282987203449,1
