birth_1,birth_2,death,state_rate,sample_frac
0.274358256720006,0.522927126847208,0.115312945568356,0.0114831509301439,0.11908773349416
