birth_1,birth_2,death,state_rate,sample_frac
0.622806389117613,0.537364956689999,0.0738490174727493,0.061461123614572,0.225503425810336
