birth_1,birth_2,death,state_rate,sample_frac
0.0460740353446454,0.88143842224963,0.033887253860151,0.0191845550667495,0.362026174823579
