birth_1,birth_2,death,state_rate,sample_frac
0.852631230140105,0.786746758036315,0.0938921363842305,0.00946656886953861,0.256217612049939
