birth_1,birth_2,death,state_rate,sample_frac
0.446060143876821,0.298303882591426,0.0242446036775525,0.0893076952546835,0.194937054267711
