birth_1,birth_2,death,state_rate,sample_frac
0.223260818049312,0.83019008138217,0.109076944585344,0.0459818833740428,0.340604026099084
