birth_1,birth_2,death,state_rate,sample_frac
0.459922566311434,0.649756733793765,0.197056658375727,0.0912237134063617,0.105535992954553
