birth_1,birth_2,death,state_rate,sample_frac
0.632761688670143,0.797038741176948,0.53718117546347,0.02022388887126,0.218943963002083
