birth_1,birth_2,death,state_rate,sample_frac
0.48894336191006,0.245212277397513,0.053516336323308,0.0350361989578232,0.337518400631327
