birth_1,birth_2,death,state_rate,sample_frac
0.785157809499651,0.105570411542431,0.104619232441747,0.0175814053276554,0.183421751832733
