birth_1,birth_2,death,state_rate,sample_frac
0.260153294308111,0.521106442902237,0.208763563867874,0.0242753306869417,0.559107834441121
