birth_1,birth_2,death,state_rate,sample_frac
0.27414983138442,0.42851002048701,0.023576021971197,0.0109765481203794,0.435318452463167
