birth_1,birth_2,death,state_rate,sample_frac
0.217845748644322,0.957693841774017,0.0784125913980431,0.0419348834780976,0.206419478374761
