birth_1,birth_2,death,state_rate,sample_frac
0.0154490966815501,0.852654252899811,0.0112880863199258,0.0188077557599172,0.254174877731311
