birth_1,birth_2,death,state_rate,sample_frac
0.857657118933275,0.0306156971491873,0.0021276145978943,0.00424612869974226,1
