birth_1,birth_2,death,state_rate,sample_frac
0.666334338486195,0.546145736472681,0.00567976104887104,0.0614889678545296,0.264902198746348
