birth_1,birth_2,death,state_rate,sample_frac
0.0844242901075631,0.411362666869536,0.0048661822343516,0.0114354934543371,0.16400771124015
