birth_1,birth_2,death,state_rate,sample_frac
0.77711184299551,0.771852886769921,0.288612016520822,0.0815314643783495,0.438633442601427
