birth_1,birth_2,death,state_rate,sample_frac
0.637006283039227,0.352632368914783,0.263643526628153,0.0402409859932959,0.108150086472998
