birth_1,birth_2,death,state_rate,sample_frac
0.00625350861810148,0.534926954424009,1.03218330884915e-05,0.0742848460562527,0.585586669736604
