birth_1,birth_2,death,state_rate,sample_frac
0.705803401302546,0.479535416001454,0.0631860006407934,0.0602215701714158,0.112077813792591
