birth_1,birth_2,death,state_rate,sample_frac
0.0748876174911857,0.70196782448329,0.0398728999617744,0.0505625245394185,1
