birth_1,birth_2,death,state_rate,sample_frac
0.284399457275867,0.104650127934292,0.0733657527974727,0.091687577450648,0.495505704614215
