birth_1,birth_2,death,state_rate,sample_frac
0.163839829619974,0.560850427951664,0.0591931311548601,0.0687845817999914,0.268113074051385
