tree_length,root_age,brlen_mean,age_mean,B1,colless,age_var,brlen_var,treeness,N_bar,n_dat_0,n_dat_1,num_taxa,prop_taxa
1.362180414971e+03,1.187052104218e+01,1.364910235442e+00,2.706031851545e+00,2.635872210091e+02,2.225334202542e-02,4.753098734827e+00,1.603527574914e+00,4.081222134375e-01,1.173400000000e+01,166,334,500,1
