birth_1,birth_2,death,state_rate,sample_frac
0.0459804066922516,0.553119719494134,0.011676926318416,0.0588173143798485,1
