birth_1,birth_2,death,state_rate,sample_frac
0.179647625889629,0.800635686377063,0.0757541060876581,0.021759328735061,0.153995171364614
