birth_1,birth_2,death,state_rate,sample_frac
0.114858685061336,0.936751973815262,0.10678766653344,0.0387918779160827,0.109669932360511
