tree_length,root_age,brlen_mean,age_mean,B1,colless,age_var,brlen_var,treeness,N_bar,n_dat_0,n_dat_1,num_taxa,prop_taxa
2.193758239149e+03,1.482396452173e+01,2.198154548246e+00,4.366601752740e+00,2.707217660393e+02,1.826947066824e-02,6.999390437927e+00,2.887422370987e+00,3.523460257854e-01,1.127600000000e+01,430,70,500,1
