birth_1,birth_2,death,state_rate,sample_frac
0.0503797638230026,0.6879979360383,0.0249362533874412,0.0944062014808878,0.16922297379309
