birth_1,birth_2,death,state_rate,sample_frac
0.821043907897547,0.573206025641412,0.194757748871922,0.0727536900900304,1
