birth_1,birth_2,death,state_rate,sample_frac
0.719342654803768,0.624615950975567,0.497324049295554,0.0872816626913846,1
