birth_1,birth_2,death,state_rate,sample_frac
0.224371601361781,0.0928894521202892,0.0599954134226561,0.0686669854447246,0.108347594439166
