birth_1,birth_2,death,state_rate,sample_frac
0.521515518426895,0.485043751774356,0.186541525715321,0.0966919156024233,0.178517235832021
