birth_1,birth_2,death,state_rate,sample_frac
0.0953504499047995,0.845299874665216,0.0256534220612665,0.073941717389971,0.116947953551223
