birth_1,birth_2,death,state_rate,sample_frac
0.972385990433395,0.700454591307789,0.0295878471781744,0.0500772541854531,0.164073970488477
