birth_1,birth_2,death,state_rate,sample_frac
0.475788781885058,0.724481206154451,0.416839823097382,0.0174454530002549,0.164927242708575
