birth_1,birth_2,death,state_rate,sample_frac
0.834399983286858,0.710491061909124,0.146411102440913,0.0417809654027224,0.156941306040599
