birth_1,birth_2,death,state_rate,sample_frac
0.775671967305243,0.157450026134029,0.10327566447002,0.0139496942050755,0.215884104353677
