birth_1,birth_2,death,state_rate,sample_frac
0.40273442841135,0.925031443592161,0.0896962503829243,0.00755152709316462,0.168549177763169
