birth_1,birth_2,death,state_rate,sample_frac
0.188495379406959,0.281865730881691,0.0290739220994249,0.0332884420873597,0.379192220658847
