birth_1,birth_2,death,state_rate,sample_frac
0.451396704651415,0.15965865761973,0.0949598370667913,0.0456457104766741,0.104163473566548
