birth_1,birth_2,death,state_rate,sample_frac
0.905385785968974,0.19453306356445,0.0320887336067975,0.0697255025152117,0.158479584716404
