birth_1,birth_2,death,state_rate,sample_frac
0.314716694643721,0.845177684910595,0.220146468612135,0.0715449332492426,0.126588566407823
