birth_1,birth_2,death,state_rate,sample_frac
0.540572660043836,0.155011504422873,0.144699916628042,0.0508860370144248,0.242917312155928
