birth_1,birth_2,death,state_rate,sample_frac
0.537105385679752,0.259070332162082,0.156847794995437,0.0341715882299468,0.122749441051473
