birth_1,birth_2,death,state_rate,sample_frac
0.327734317164868,0.602100674761459,0.198080672599408,0.0384942351374775,0.589256290564147
