birth_1,birth_2,death,state_rate,sample_frac
0.901372256688774,0.362852789228782,0.120890225966245,0.0875974968541414,0.527215124351447
