birth_1,birth_2,death,state_rate,sample_frac
0.235007948242128,0.937332555884495,0.170805817469448,0.0205818527843803,0.185622161932202
