birth_1,birth_2,death,state_rate,sample_frac
0.54842270957306,0.0214052237570286,0.0156606489969061,0.047021370078437,0.155994000301649
