birth_1,birth_2,death,state_rate,sample_frac
0.728819726034999,0.151987565681338,0.14532857343257,0.0808747133472934,0.197305267054542
