birth_1,birth_2,death,state_rate,sample_frac
0.438419478945434,0.658565667457879,0.389666458661119,0.0104685495374724,0.10413657847744
