birth_1,birth_2,death,state_rate,sample_frac
0.191919800126925,0.715406382223591,0.0586941946804531,0.0452907936880365,0.101119136152888
