birth_1,birth_2,death,state_rate,sample_frac
0.359546498395503,0.777595896273851,0.252415093385587,0.000354946125298738,0.534611454368492
