birth_1,birth_2,death,state_rate,sample_frac
0.863264499697834,0.264473527902737,0.106381141385814,0.0338103146292269,0.619489894196222
