birth_1,birth_2,death,state_rate,sample_frac
0.802659189794213,0.903487713309005,0.767565091115085,0.0273194409674034,0.24022470842609
