birth_1,birth_2,death,state_rate,sample_frac
0.966509802034125,0.502752007683739,0.0956140157890454,0.0377307367045432,0.390611650887288
