birth_1,birth_2,death,state_rate,sample_frac
0.576612946111709,0.809069278417155,0.133951884381612,0.0606417875271291,0.209068292470967
