birth_1,birth_2,death,state_rate,sample_frac
0.887864152202383,0.593184605007991,0.547824947532722,0.0822559009306133,0.788165129193469
