birth_1,birth_2,death,state_rate,sample_frac
0.489329535979778,0.260839798487723,0.06300506622331,0.0632759881904349,0.134257028956876
