birth_1,birth_2,death,state_rate,sample_frac
0.999401594512165,0.530094463843852,0.135611454041867,0.0170058289077133,0.149044238484784
