birth_1,birth_2,death,state_rate,sample_frac
0.931467131711543,0.162521491991356,0.0824998131175463,0.0991813020315021,0.597533992663773
