birth_1,birth_2,death,state_rate,sample_frac
0.430272961501032,0.395437027094886,0.277775449442411,0.0756323611596599,0.287550840157486
