birth_1,birth_2,death,state_rate,sample_frac
0.807245374890044,0.830197776434943,0.315709556097405,0.011606087977998,1
