birth_1,birth_2,death,state_rate,sample_frac
0.831516130128875,0.488792893243954,0.36059443621517,0.0185396911809221,0.415687706084695
