birth_1,birth_2,death,state_rate,sample_frac
0.259812947362661,0.611350548453629,0.231396454245665,0.0453386125853285,0.116960260914603
