birth_1,birth_2,death,state_rate,sample_frac
0.574584189802408,0.249586943769827,0.179758595737877,0.0557810412254185,0.101031348074816
