birth_1,birth_2,death,state_rate,sample_frac
0.981151186162606,0.238233639625832,0.142280309753111,0.0598741076886654,1
