birth_1,birth_2,death,state_rate,sample_frac
0.486554490635172,0.132180208340287,0.0930230797704441,0.0322455042041838,0.156622845238063
