birth_1,birth_2,death,state_rate,sample_frac
0.405691814376041,0.563758118543774,0.385980556965613,0.0899988429388031,0.202682002324363
