birth_1,birth_2,death,state_rate,sample_frac
0.505914826178923,0.262151859467849,0.0246212414552844,0.0838705381378532,0.116657510311114
