birth_1,birth_2,death,state_rate,sample_frac
0.783365671755746,0.900533281266689,0.185930624416653,0.0941346703330055,0.364516199344955
