birth_1,birth_2,death,state_rate,sample_frac
0.404123441549018,0.896054048324004,0.159771642372538,0.0725160150323063,0.166545872530128
