w_0_value,w_0_lower,w_0_upper,e_0_value,e_0_lower,e_0_upper,d_0_1_value,d_0_1_lower,d_0_1_upper,b_0_1_value,b_0_1_lower,b_0_1_upper
0.2867125345651129,0.1937433853918723,0.45733220552078013,0.02445545359384659,0.002880695707341881,0.10404499205878459,0.4502031713887769,0.1966340488593367,0.5147956690178682,0.06199703190510973,0.0015074254823161301,0.27544015163806645
